MSSubClass,MSZoning,LotFrontage,LotArea,LotShape,LandContour,LotConfig,Neighborhood,Condition1,BldgType,HouseStyle,OverallQual,YearBuilt,YearRemodAdd,RoofStyle,RoofMatl,Exterior1st,Exterior2nd,MasVnrType,MasVnrArea,ExterQual,Foundation,BsmtQual,BsmtCond,BsmtExposure,BsmtFinType1,BsmtFinSF1,BsmtUnfSF,TotalBsmtSF,Heating,HeatingQC,CentralAir,Electrical,1stFlrSF,2ndFlrSF,GrLivArea,BsmtFullBath,FullBath,HalfBath,BedroomAbvGr,KitchenAbvGr,KitchenQual,TotRmsAbvGrd,Functional,Fireplaces,GarageType,GarageYrBlt,GarageFinish,GarageCars,GarageArea,GarageQual,GarageCond,PavedDrive,WoodDeckSF,OpenPorchSF,EnclosedPorch,ScreenPorch,PoolArea,MiscVal,SaleType,SaleCondition
0.75,0.75,0.3077383407727195,0.6125010284774113,0.3333333333333333,0.3333333333333333,1.0,0.7272727272727273,0.4,0.75,0.6000000000000001,0.5555555555555556,0.3676470588235294,0.5409836065573771,1.0,0.0,0.2,0.6000000000000001,0.3333333333333333,0.8060079175515092,0.6666666666666667,1.0,0.3333333333333334,0.6666666666666667,0.0,0.39999999999999997,0.6568366452843759,0.6231385377665363,0.44268759015239734,1.0,0.5,1.0,1.0,0.7824887256012684,0.0,0.7123760858640757,0.3333333333333333,1.0,0.0,0.5,0.6666666666666666,0.3333333333333334,0.5833333333333335,0.0,0.6666666666666666,0.75,0.2990654205607477,0.5,0.5,0.416944024679468,0.5,0.5,1.0,0.0,0.0,1.0,0.0,0.0,0.0,0.6666666666666666,0.25
0.41666666666666663,0.75,0.3483405659504856,0.3703976028806959,0.0,0.3333333333333333,0.0,0.36363636363636365,0.0,0.75,0.2,0.5555555555555556,0.4779411764705882,0.9344262295081968,0.0,0.0,0.2,0.1,0.3333333333333333,0.0,0.3333333333333334,0.5,0.3333333333333334,0.6666666666666667,0.0,0.6,0.4741692450978634,0.3370097798966878,0.22249283920522026,1.0,0.5,1.0,0.6666666666666666,0.4238666481399303,0.9063055120776631,0.5470692177253711,0.3333333333333333,0.3333333333333333,0.0,0.375,0.3333333333333333,0.0,0.25,1.0,0.6666666666666666,0.75,0.6074766355140188,0.0,0.25,0.23521304590393763,0.5,0.5,1.0,0.0,0.0,1.0,0.0,0.0,0.0,0.6666666666666666,0.75
0.41666666666666663,0.75,0.3077383407727195,0.3126068606949617,0.3333333333333333,0.0,0.25,0.13636363636363635,0.4,0.75,0.2,0.4444444444444445,0.4338235294117647,0.9836065573770493,0.0,0.0,0.4,0.30000000000000004,0.0,0.8458994871999127,0.3333333333333334,0.5,0.3333333333333334,0.6666666666666667,0.0,0.19999999999999996,0.3709177327787943,0.5007140686438148,0.20224378237954324,1.0,0.5,1.0,1.0,0.4322275777962877,0.8076996817232301,0.45105647149655903,0.3333333333333333,0.3333333333333333,0.0,0.375,0.3333333333333333,0.6666666666666667,0.25,1.0,0.3333333333333333,0.25,0.5514018691588786,0.0,0.25,0.32158709127951257,0.5,0.5,1.0,0.0,0.0,1.0,0.0,0.0,0.0,0.6666666666666666,0.75
1.0,0.75,0.3656434511405297,0.3805596040186152,0.0,0.3333333333333333,0.0,0.7727272727272727,0.4,0.75,1.0,0.6666666666666665,0.22794117647058823,0.5245901639344263,1.0,0.0,0.7000000000000001,0.7000000000000001,0.6666666666666666,0.8957225027645892,0.3333333333333334,0.5,0.6666666666666667,0.6666666666666667,0.0,0.6,0.47017165920745296,0.6048322705670282,0.2916569910175149,1.0,1.0,1.0,1.0,0.4958350996571277,0.9360297984510466,0.6349389226566582,0.0,0.6666666666666666,0.5,0.5,0.3333333333333333,0.3333333333333334,0.5000000000000001,1.0,0.3333333333333333,0.75,0.28971962616822433,1.0,0.5,0.43162830389596923,0.5,0.5,1.0,0.8725219225422464,0.749693557691689,0.0,0.0,0.0,0.0,0.6666666666666666,0.75
0.3333333333333333,0.25,0.0,0.04649937500629542,0.0,0.3333333333333333,0.0,0.09090909090909091,0.4,0.25,1.0,0.5555555555555556,0.2867647058823529,0.6557377049180328,0.0,0.0,0.6000000000000001,0.6000000000000001,0.6666666666666666,0.9133910178305015,0.3333333333333334,0.5,0.3333333333333334,0.6666666666666667,0.0,0.0,0.0,0.5011880801537518,0.1616881657009573,1.0,0.5,1.0,1.0,0.18619427384762446,0.8981429237274456,0.41684125422879026,0.0,0.3333333333333333,0.5,0.375,0.3333333333333333,0.3333333333333334,0.3333333333333334,1.0,0.0,0.25,0.36448598130841126,0.0,0.25,0.2542664242054613,0.5,0.5,1.0,0.0,0.0,0.0,0.0,0.0,0.0,0.6666666666666666,0.5
0.0,0.25,0.258477511370835,0.317563684480187,0.0,0.3333333333333333,0.0,0.18181818181818182,0.4,0.75,0.6000000000000001,0.4444444444444445,0.7279411764705882,0.06557377049180328,1.0,0.0,0.4,0.2,0.3333333333333333,0.0,0.3333333333333334,0.25,0.3333333333333334,0.6666666666666667,0.0,0.7999999999999998,0.40709246061013643,0.3851856872852205,0.2654572263220067,0.5,0.5,0.0,1.0,0.44875975078899644,0.0,0.393438669354512,0.3333333333333333,0.3333333333333333,0.0,0.25,0.3333333333333333,0.3333333333333334,0.16666666666666669,0.0,0.0,0.25,0.4953271028037384,0.0,0.25,0.26678692452636155,0.5,0.5,1.0,0.0,0.5354210018845579,1.0,0.0,0.0,0.0,0.6666666666666666,0.75
0.75,0.75,0.19888101527790863,0.46228370879287195,0.3333333333333333,0.3333333333333333,1.0,0.8181818181818182,0.8,0.75,0.6000000000000001,0.7777777777777777,0.0,0.01639344262295082,0.0,0.0,1.0,1.0,1.0,0.7854998260480284,0.6666666666666667,1.0,0.6666666666666667,0.6666666666666667,1.0,1.0,0.6076108293748085,0.5156528460614241,0.35038199727866326,1.0,1.0,1.0,1.0,0.5848168197955272,0.0,0.5205194442173862,0.3333333333333333,0.6666666666666666,0.0,0.375,0.3333333333333333,0.6666666666666667,0.3333333333333334,1.0,0.0,0.75,0.0,0.0,0.75,0.5982443060443123,0.5,0.5,1.0,0.8055401360054152,0.79998141627813,0.0,0.0,0.0,0.0,0.6666666666666666,0.75
0.41666666666666663,0.25,0.20459175134933955,0.36022002866398806,0.0,0.0,0.0,0.0,0.4,0.75,0.2,0.5555555555555556,0.5147058823529411,0.9508196721311476,0.0,0.0,0.2,0.1,0.3333333333333333,0.0,0.3333333333333334,1.0,0.3333333333333334,0.6666666666666667,0.0,0.0,0.0,0.6094641996909315,0.2171306426966895,1.0,0.5,1.0,1.0,0.3438960211241245,0.9025573073796697,0.4983225189675471,0.0,0.3333333333333333,0.5,0.375,0.3333333333333333,0.6666666666666667,0.3333333333333334,1.0,0.3333333333333333,0.25,0.26168224299065423,0.0,0.25,0.45859915305064747,0.5,0.5,0.5,0.0,0.80198326535753,0.0,1.0,0.0,0.0,0.6666666666666666,0.75
1.0,0.75,0.6343633471946495,0.4669202358769242,0.3333333333333333,0.3333333333333333,0.25,1.0,0.4,0.75,1.0,1.0,0.08088235294117647,0.19672131147540983,1.0,0.0,0.2,0.6000000000000001,0.3333333333333333,0.0,0.6666666666666667,1.0,1.0,0.6666666666666667,0.6666666666666667,1.0,0.7646975649934481,0.37887645039378803,0.49969486021072873,1.0,1.0,1.0,1.0,0.7673645601073985,1.0077036079303527,0.9174486319829263,0.3333333333333333,1.0,0.5,0.5,0.3333333333333333,1.0,0.6666666666666667,1.0,0.6666666666666666,0.75,0.10280373831775703,1.0,0.75,0.6360744253403798,0.5,0.5,1.0,0.8077819360408901,0.6850246965103965,0.0,0.0,0.7520325203252033,0.0,0.6666666666666666,0.0
0.3333333333333333,1.0,0.3077383407727195,0.2524051943130323,1.0,0.3333333333333333,0.5,0.8181818181818182,0.4,1.0,1.0,0.6666666666666665,0.022058823529411763,0.06557377049180328,0.0,0.0,0.4,0.30000000000000004,0.3333333333333333,0.0,0.6666666666666667,1.0,0.6666666666666667,0.6666666666666667,0.0,1.0,0.4028480833020501,0.3864346025096038,0.16761956879016462,1.0,1.0,1.0,1.0,0.20571107285269977,0.8955088116014405,0.4200622057444545,0.0,0.6666666666666666,0.5,0.25,0.3333333333333333,0.6666666666666667,0.16666666666666669,1.0,0.0,0.25,0.028037383177570097,0.0,0.5,0.41413354340807923,0.5,0.5,1.0,0.0,0.6435091314067746,0.0,0.0,0.0,0.0,0.6666666666666666,0.75
0.9166666666666666,1.0,0.18725987462524102,0.21707001342741195,0.0,0.3333333333333333,0.25,0.8181818181818182,0.4,1.0,0.6000000000000001,0.6666666666666665,0.007352941176470588,0.01639344262295082,0.0,0.0,1.0,1.0,0.3333333333333333,0.0,0.6666666666666667,1.0,1.0,1.0,0.0,0.0,0.0,0.7977749976304594,0.3268008758881051,1.0,1.0,1.0,1.0,0.5550207538726302,0.0,0.49235394158680323,0.0,0.6666666666666666,0.0,0.25,0.3333333333333333,0.6666666666666667,0.25,1.0,0.3333333333333333,0.75,0.009345794392523366,0.5,0.5,0.40426180140280477,0.5,0.5,1.0,0.0,0.8662142783826727,0.0,0.0,0.0,0.0,1.0,1.0
0.25,0.75,0.3077383407727195,0.4074184205675382,0.3333333333333333,0.3333333333333333,0.25,0.5454545454545454,0.2,0.5,0.6000000000000001,0.4444444444444445,0.22794117647058823,0.5245901639344263,0.0,0.0,1.0,1.0,0.6666666666666666,0.8474887150253588,0.3333333333333334,0.5,0.3333333333333334,0.6666666666666667,0.0,0.0,0.0,0.8866780103405669,0.38398832213545286,1.0,0.25,1.0,1.0,0.635898875198723,0.0,0.5692556384862177,0.0,0.6666666666666666,0.0,0.5,0.6666666666666666,0.3333333333333334,0.5000000000000001,1.0,0.0,0.25,0.28971962616822433,0.0,0.5,0.447579783240505,0.5,0.5,1.0,0.0,0.0,0.0,0.0,0.0,0.0,0.6666666666666666,0.75
1.0,0.75,0.3077383407727195,0.3946120915704796,0.3333333333333333,0.3333333333333333,1.0,0.5909090909090909,0.4,0.75,1.0,0.6666666666666665,0.07352941176470588,0.18032786885245902,0.0,0.0,1.0,1.0,0.3333333333333333,0.9060628679595101,0.6666666666666667,1.0,0.6666666666666667,0.6666666666666667,0.0,1.0,0.5580758944331796,0.3685466161799263,0.25691388894345885,1.0,1.0,1.0,1.0,0.44231511493205766,0.9465414753586571,0.6280314480288975,0.0,0.6666666666666666,0.5,0.375,0.3333333333333333,0.6666666666666667,0.5833333333333335,1.0,0.3333333333333333,0.75,0.09345794392523366,1.0,0.5,0.42115156324642555,0.5,0.5,1.0,0.0,0.0,0.0,0.0,0.0,0.0,0.6666666666666666,0.75
0.5,0.75,0.29803154204796417,0.33375906441363434,0.0,0.3333333333333333,0.0,0.36363636363636365,0.4,0.75,0.0,0.4444444444444445,0.2867647058823529,0.6557377049180328,0.0,0.0,0.6000000000000001,0.5,0.3333333333333333,0.0,0.3333333333333334,0.5,0.3333333333333334,0.6666666666666667,0.6666666666666667,0.7999999999999998,0.5751287848126166,0.20961532790810408,0.23429578418292307,1.0,0.5,1.0,1.0,0.3997059110325621,0.0,0.3485611929353296,0.3333333333333333,0.3333333333333333,0.0,0.375,0.3333333333333333,0.3333333333333334,0.3333333333333334,1.0,0.3333333333333333,0.75,0.36448598130841126,0.5,0.25,0.27299639863097414,0.5,0.5,1.0,0.8107062636443302,0.7830208703247395,0.0,0.0,0.0,0.0,0.6666666666666666,0.75
0.75,0.75,0.258477511370835,0.41015590023662774,0.0,0.3333333333333333,0.0,0.36363636363636365,0.0,0.75,0.6000000000000001,0.5555555555555556,0.4338235294117647,0.9508196721311476,0.0,0.0,0.4,0.30000000000000004,0.6666666666666666,0.8665793363329098,0.3333333333333334,0.5,0.3333333333333334,0.3333333333333333,0.0,0.6,0.44836593424990784,0.5962400558200787,0.2769548122762642,1.0,0.5,1.0,1.0,0.47061485419586213,0.0,0.4135908627129927,0.0,0.3333333333333333,0.0,0.25,0.3333333333333333,0.3333333333333334,0.25,1.0,0.3333333333333333,0.25,0.5514018691588786,0.0,0.25,0.23521304590393763,0.5,0.5,1.0,0.0,0.7665879204859662,0.0,0.0,0.0,0.0,0.6666666666666666,0.75
0.75,0.75,0.30750370427268153,0.3469998199782207,0.0,0.3333333333333333,0.0,0.36363636363636365,0.4,0.75,0.6000000000000001,0.4444444444444445,0.3897058823529412,0.8852459016393444,0.0,0.0,0.4,0.30000000000000004,0.3333333333333333,0.0,0.3333333333333334,0.5,0.3333333333333334,0.6666666666666667,0.0,0.39999999999999997,0.6062838089482205,0.4333155965223885,0.3199542832914066,1.0,0.5,1.0,1.0,0.5443017813266124,0.0,0.4822681766736192,0.3333333333333333,0.3333333333333333,0.0,0.375,0.3333333333333333,0.3333333333333334,0.25,1.0,0.0,0.75,0.4953271028037384,0.5,0.25,0.2776322087348308,0.5,0.5,1.0,0.8551949872836168,0.0,0.0,0.0,0.0,0.0,0.6666666666666666,0.75
1.0,0.75,0.46070807663113017,0.38401105475455366,0.3333333333333333,0.3333333333333333,0.0,1.0,0.4,0.75,1.0,0.6666666666666665,0.1323529411764706,0.3114754098360656,0.0,0.0,0.6000000000000001,0.5,0.3333333333333333,0.0,0.6666666666666667,1.0,0.6666666666666667,0.6666666666666667,0.0,1.0,0.5532897521316921,0.18619788722925118,0.21088534082534258,1.0,1.0,1.0,1.0,0.46311765544230954,0.9356264766350615,0.6171363589465209,0.3333333333333333,0.6666666666666666,0.5,0.375,0.3333333333333333,0.6666666666666667,0.5000000000000001,1.0,0.3333333333333333,0.75,0.16822429906542058,0.5,0.5,0.47228796951944163,0.5,0.5,1.0,0.850162229404071,0.5760233196001587,0.0,0.0,0.0,0.0,0.6666666666666666,0.75
0.75,0.75,0.258477511370835,0.3393330952454019,0.0,0.3333333333333333,0.0,0.6363636363636364,0.4,0.75,0.6000000000000001,0.3333333333333333,0.09558823529411764,0.21311475409836064,0.0,0.0,1.0,1.0,0.3333333333333333,0.0,0.3333333333333334,1.0,0.6666666666666667,0.6666666666666667,0.0,1.0,0.5313684793108087,0.43880607287219614,0.25925362979958366,1.0,1.0,1.0,1.0,0.436530240547177,0.0,0.38220472768194025,0.3333333333333333,0.3333333333333333,0.0,0.375,0.3333333333333333,0.3333333333333334,0.25,1.0,0.0,0.75,0.26629753376752857,0.0,0.0,0.0,0.5,0.5,1.0,0.0,0.0,0.0,0.0,0.0,0.0,0.6666666666666666,0.75
0.75,0.75,0.3077383407727195,0.3502542263895656,0.3333333333333333,0.3333333333333333,1.0,0.2727272727272727,0.4,0.75,0.6000000000000001,0.4444444444444445,0.3088235294117647,0.04918032786885246,0.0,0.0,0.6000000000000001,0.5,0.3333333333333333,0.0,0.3333333333333334,0.5,0.3333333333333334,0.6666666666666667,0.0,0.0,0.0,0.7612193178433698,0.30426533688660823,1.0,0.75,1.0,1.0,0.5187547415359253,0.0,0.4583287947283847,0.0,0.3333333333333333,0.5,0.375,0.3333333333333333,0.6666666666666667,0.3333333333333334,1.0,0.0,0.75,0.3925233644859814,0.0,0.25,0.25976121241536815,0.5,0.5,1.0,0.0,0.6561446256301601,0.0,0.0,0.0,0.0,0.6666666666666666,0.75
0.5833333333333333,0.25,0.20459175134933955,0.11932252911745689,0.0,0.3333333333333333,0.25,0.18181818181818182,0.4,0.75,1.0,0.6666666666666665,0.6911764705882353,0.0819672131147541,0.0,0.0,0.5,0.2,0.3333333333333333,0.0,0.6666666666666667,1.0,0.3333333333333334,0.6666666666666667,0.0,0.7999999999999998,0.43237102970107316,0.5403045920586415,0.24351053054522273,1.0,1.0,1.0,1.0,0.40653508200834515,0.9403325842623995,0.59878694061518,0.3333333333333333,0.3333333333333333,0.5,0.5,0.3333333333333333,1.0,0.41666666666666674,0.25,0.3333333333333333,0.75,0.8785046728971965,0.0,0.25,0.17223895547475176,0.25,0.25,1.0,0.0,0.0,0.0,0.0,0.0,0.0,0.6666666666666666,0.75
0.41666666666666663,0.75,0.31218246909645037,0.34971553412443135,0.0,0.3333333333333333,0.25,0.36363636363636365,0.0,0.75,0.2,0.4444444444444445,0.4264705882352941,0.9672131147540984,0.0,0.0,0.8,0.1,0.3333333333333333,0.0,0.3333333333333334,0.5,0.3333333333333334,0.6666666666666667,0.0,0.39999999999999997,0.508332928123084,0.4393511392794742,0.24351053054522273,1.0,0.25,1.0,1.0,0.40398933168386925,0.881698240494862,0.5008866691368175,0.0,0.6666666666666666,0.0,0.5,0.3333333333333333,0.3333333333333334,0.3333333333333334,1.0,0.0,0.25,0.09345794392523366,0.0,0.5,0.5761917554433537,0.5,0.5,1.0,0.0,0.0,0.0,0.0,0.0,0.0,0.6666666666666666,0.75
0.9166666666666666,0.25,0.3077383407727195,0.22607163198910607,0.0,0.3333333333333333,0.0,0.6363636363636364,0.4,1.0,0.6000000000000001,0.5555555555555556,0.029411764705882353,0.0819672131147541,0.0,0.0,1.0,1.0,0.6666666666666666,0.8500598302901665,0.6666666666666667,1.0,0.6666666666666667,0.6666666666666667,1.0,1.0,0.5503653274146171,0.2971961087915627,0.23106096380496005,1.0,1.0,1.0,1.0,0.3765713846234598,0.0,0.32756408555505434,0.3333333333333333,0.3333333333333333,0.0,0.125,0.3333333333333333,0.6666666666666667,0.16666666666666669,1.0,0.3333333333333333,0.75,0.03738317757009346,1.0,0.5,0.37142029525697956,0.5,0.5,1.0,0.7822808829619589,0.0,0.0,0.0,0.0,0.0,0.3333333333333333,0.75
0.25,0.25,0.47170224555436774,0.34863372384236957,1.0,0.0,0.25,0.0,0.6000000000000001,0.5,0.6000000000000001,0.4444444444444445,0.34558823529411764,0.7868852459016394,0.0,0.0,0.2,0.1,0.3333333333333333,0.0,0.0,0.5,0.6666666666666667,0.6666666666666667,1.0,0.19999999999999996,0.30571436594553186,0.0,0.22454319294493685,1.0,0.5,0.0,1.0,0.36156095543523953,0.0,0.3139972994160778,0.3333333333333333,0.3333333333333333,0.0,0.25,0.3333333333333333,0.3333333333333334,0.25,1.0,0.0,0.0,0.43925233644859824,0.0,0.5,0.4392739747197103,0.5,0.5,1.0,0.7462072048705566,0.0,0.0,0.0,0.0,0.0,0.6666666666666666,0.75
1.0,0.75,0.28352338779411373,0.34063174241327476,0.0,0.3333333333333333,0.0,0.5909090909090909,0.4,0.75,1.0,0.5555555555555556,0.11029411764705882,0.2459016393442623,0.0,0.0,0.6000000000000001,0.5,0.3333333333333333,0.0,0.3333333333333334,1.0,0.6666666666666667,0.6666666666666667,0.0,0.0,0.0,0.5786447172672414,0.20075556628544486,1.0,0.75,1.0,1.0,0.3024023721291592,0.926747228028754,0.5246063515303523,0.0,0.6666666666666666,0.5,0.375,0.3333333333333333,0.3333333333333334,0.3333333333333334,1.0,0.3333333333333333,0.75,0.14018691588785048,1.0,0.5,0.31486168156036576,0.5,0.5,1.0,0.0,0.5635918696880929,0.0,0.0,0.0,0.0,0.6666666666666666,0.75
1.0,0.75,0.33503531386860314,0.36276126887192417,0.0,0.3333333333333333,0.0,0.5454545454545454,0.4,0.75,1.0,0.5555555555555556,0.25,0.5737704918032788,1.0,0.0,0.6000000000000001,0.5,0.6666666666666666,0.887986631653102,0.6666666666666667,0.5,0.3333333333333334,0.6666666666666667,0.0,0.7999999999999998,0.4876986820429078,0.46880972729017306,0.24171736294914417,1.0,0.5,1.0,1.0,0.41777258840183623,0.9424895040593695,0.6083632121449183,0.0,0.6666666666666666,0.5,0.5,0.3333333333333333,0.6666666666666667,0.5000000000000001,1.0,0.3333333333333333,0.75,0.31775700934579443,0.5,0.5,0.4558501032961353,0.75,0.5,1.0,0.0,0.6655894894455154,0.0,0.0,0.0,0.0,0.6666666666666666,0.75
0.5833333333333333,0.25,0.5106194858294482,0.4910008604647005,0.0,0.3333333333333333,0.25,0.18181818181818182,0.0,0.75,1.0,0.7777777777777777,0.9338235294117647,0.3934426229508197,0.0,0.0,0.2,0.1,0.3333333333333333,0.0,0.6666666666666667,0.25,0.3333333333333334,0.6666666666666667,0.0,0.6,0.39000527216308273,0.5778312804322111,0.2447034125516162,1.0,0.75,1.0,1.0,0.40653508200834515,0.9318989052390338,0.5820962931575857,0.0,0.3333333333333333,0.5,0.5,0.3333333333333333,0.6666666666666667,0.5000000000000001,1.0,0.3333333333333333,0.75,0.7850467289719628,0.0,0.5,0.37430202728099105,0.5,0.5,0.5,0.0,0.8088034501510968,0.0,0.0,0.0,0.0,0.6666666666666666,0.75
0.3333333333333333,1.0,0.3077383407727195,0.08874712014383346,0.0,0.3333333333333333,0.0,0.8181818181818182,0.4,0.25,1.0,0.5555555555555556,0.07352941176470588,0.18032786885245902,0.0,0.0,0.4,0.30000000000000004,0.6666666666666666,0.8704259142946368,0.6666666666666667,1.0,0.6666666666666667,0.6666666666666667,0.0,1.0,0.4649570464157365,0.4255033145556525,0.21213952223070925,1.0,1.0,1.0,1.0,0.3383225154932215,0.9295297258859802,0.5459453112458537,0.0,0.6666666666666666,0.5,0.375,0.3333333333333333,0.6666666666666667,0.25,1.0,0.0,0.25,0.09345794392523366,0.0,0.5,0.3857783697823982,0.5,0.5,1.0,0.0,0.5453688498518341,0.0,0.0,0.0,0.0,0.6666666666666666,0.75
0.08333333333333333,0.25,0.0,0.0723793682540641,0.0,0.3333333333333333,0.0,0.045454545454545456,0.4,0.25,0.0,0.3333333333333333,0.27205882352941174,0.6229508196721312,0.0,0.0,0.9,0.9,0.3333333333333333,0.0,0.3333333333333334,0.5,0.6666666666666667,0.6666666666666667,0.6666666666666667,0.6,0.330791517834779,0.0,0.18521468861157284,1.0,0.75,1.0,1.0,0.2594270960244457,0.0,0.22285039406656937,0.3333333333333333,0.3333333333333333,0.0,0.125,0.3333333333333333,0.3333333333333334,0.08333333333333336,1.0,0.0,0.75,0.26629753376752857,0.0,0.0,0.0,0.5,0.5,1.0,0.0,0.0,0.0,0.0,0.0,0.0,0.6666666666666666,0.75
0.75,0.75,0.37831286845820983,0.4353834748879277,0.3333333333333333,0.3333333333333333,0.0,0.2272727272727273,0.4,0.75,0.6000000000000001,0.8888888888888888,0.014705882352941176,0.03278688524590164,1.0,0.0,0.9,0.9,1.0,0.9052128610521013,1.0,1.0,1.0,0.6666666666666667,0.0,1.0,0.6591256243881133,0.47134534808439094,0.38703767935027394,1.0,1.0,1.0,1.0,0.6398314498386882,0.0,0.5730314552841276,0.3333333333333333,0.6666666666666666,0.0,0.375,0.3333333333333333,1.0,0.5000000000000001,1.0,0.3333333333333333,0.75,0.01869158878504673,1.0,0.75,0.6072699344033522,0.5,0.5,1.0,0.8879178362087828,0.653695003405111,0.0,0.0,0.0,0.0,0.6666666666666666,0.75
0.41666666666666663,0.75,0.3527119393962403,0.34881443737574735,0.0,0.3333333333333333,0.0,0.36363636363636365,0.4,0.75,0.2,0.4444444444444445,0.4485294117647059,0.9672131147540984,0.0,0.0,0.4,0.30000000000000004,0.3333333333333333,0.0,0.3333333333333334,0.5,0.3333333333333334,0.6666666666666667,0.0,0.39999999999999997,0.4876986820429078,0.4322086689979725,0.2278102288237059,1.0,0.5,1.0,1.0,0.3691440109556184,0.8614570018589661,0.45485662309526065,0.0,0.3333333333333333,0.0,0.25,0.3333333333333333,0.3333333333333334,0.3333333333333334,1.0,0.0,0.25,0.5700934579439253,0.0,0.25,0.30960784118089385,0.5,0.5,1.0,0.7977450441434419,0.0,1.0,0.0,0.0,0.0,0.0,0.0
0.25,0.75,0.3741179555118947,0.4069978020514107,0.0,0.3333333333333333,0.25,0.36363636363636365,0.4,0.5,0.6000000000000001,0.4444444444444445,0.375,0.8524590163934427,0.0,0.0,1.0,1.0,0.6666666666666666,0.7976016686458915,0.3333333333333334,0.5,0.3333333333333334,0.6666666666666667,0.0,0.0,0.0,0.8616884849583968,0.3675783834551508,1.0,0.5,1.0,1.0,0.6563678785003925,0.0,0.5889464155000188,0.3333333333333333,0.6666666666666666,0.0,0.5,0.6666666666666666,0.3333333333333334,0.5833333333333335,1.0,0.0,0.25,0.38317757009345804,0.0,0.75,0.6834263742616496,0.5,0.5,1.0,0.0,0.5074731907406773,0.0,0.0,0.0,0.0,0.0,0.0
1.0,0.75,0.3305343547671877,0.3668636997610928,0.0,0.3333333333333333,0.0,0.4545454545454546,0.4,0.75,1.0,0.6666666666666665,0.11764705882352941,0.27868852459016397,0.0,0.0,0.6000000000000001,0.5,0.6666666666666666,0.8317194158146248,0.6666666666666667,1.0,0.6666666666666667,0.6666666666666667,0.0,0.7999999999999998,0.5101328308389966,0.32900264296314974,0.20878922103524938,1.0,1.0,1.0,1.0,0.4426974560456014,0.9256059483958108,0.5887468084238145,0.3333333333333333,0.6666666666666666,0.5,0.375,0.3333333333333333,0.6666666666666667,0.41666666666666674,1.0,0.3333333333333333,0.75,0.14953271028037385,0.0,0.5,0.3750216588932722,0.5,0.5,1.0,0.8470332502708576,0.6723293845092958,1.0,0.0,0.0,0.0,0.6666666666666666,0.75
0.5,0.75,0.3077383407727195,0.3263599366948038,0.3333333333333333,0.3333333333333333,1.0,0.4090909090909091,0.4,0.75,0.0,0.5555555555555556,0.21323529411764705,0.49180327868852464,0.0,0.0,1.0,1.0,0.3333333333333333,0.0,0.3333333333333334,0.5,0.6666666666666667,0.6666666666666667,0.6666666666666667,1.0,0.5760016465058462,0.231743631164545,0.2391189804648166,1.0,1.0,1.0,1.0,0.40483992182796574,0.0,0.35323535781474247,0.3333333333333333,0.3333333333333333,0.0,0.25,0.3333333333333333,0.3333333333333334,0.25,1.0,0.3333333333333333,0.75,0.2710280373831776,0.5,0.5,0.40708792893780393,0.5,0.5,1.0,0.0,0.0,0.0,1.0,0.0,0.0,0.6666666666666666,0.75
1.0,0.75,0.36989499006338605,0.4491337568526568,0.3333333333333333,0.3333333333333333,0.5,1.0,0.4,0.75,1.0,0.7777777777777777,0.058823529411764705,0.14754098360655737,0.0,0.0,1.0,1.0,0.6666666666666666,0.9073153552243639,0.6666666666666667,1.0,0.6666666666666667,0.6666666666666667,0.6666666666666667,1.0,0.5486405116964527,0.4843040015174282,0.2888501396100192,1.0,1.0,1.0,1.0,0.49219822477076414,0.9528491075232514,0.6645483687800415,0.3333333333333333,0.6666666666666666,0.5,0.5,0.3333333333333333,0.6666666666666667,0.5833333333333335,1.0,0.3333333333333333,0.75,0.07476635514018692,0.5,0.75,0.650679976865508,0.5,0.5,1.0,0.8223821834295504,0.6968006490218837,0.0,0.0,0.0,0.0,0.6666666666666666,0.75
0.75,0.75,0.3527119393962403,0.41311784151511,0.3333333333333333,0.3333333333333333,0.0,0.9090909090909092,0.4,0.75,0.6000000000000001,0.7777777777777777,0.007352941176470588,0.03278688524590164,1.0,0.0,1.0,1.0,1.0,0.9270519173401903,0.6666666666666667,1.0,1.0,0.6666666666666667,0.3333333333333333,0.0,0.0,0.9756191570243805,0.4444616121389413,1.0,1.0,1.0,1.0,0.7080920078227605,0.0,0.6391241570872626,0.0,0.6666666666666666,0.5,0.375,0.3333333333333333,0.6666666666666667,0.41666666666666674,1.0,0.3333333333333333,0.75,0.009345794392523366,1.0,0.75,0.6494129642187432,0.5,0.5,1.0,0.8860577026026198,0.6929692193385532,0.0,0.0,0.0,0.0,1.0,1.0
1.0,0.75,0.24288113212293722,0.5329126517797826,1.0,1.0,0.5,0.5909090909090909,0.4,0.75,1.0,0.6666666666666665,0.08823529411764705,0.19672131147540983,0.0,0.0,0.6000000000000001,0.5,0.3333333333333333,0.0,0.3333333333333334,1.0,0.6666666666666667,0.6666666666666667,1.0,1.0,0.5356257364538566,0.242049974812012,0.2064749613183679,1.0,1.0,1.0,1.0,0.31730489173371473,0.9193888457765204,0.5161404023090066,0.0,0.6666666666666666,0.5,0.375,0.3333333333333333,0.3333333333333334,0.3333333333333334,1.0,0.3333333333333333,0.75,0.11214953271028039,0.0,0.5,0.36129310959332245,0.5,0.5,1.0,0.8618888405899588,0.4880263520537679,0.0,0.0,0.0,0.0,0.6666666666666666,0.75
0.9166666666666666,0.75,0.258477511370835,0.32053100011419144,0.0,0.3333333333333333,0.0,0.9545454545454546,0.4,1.0,0.6000000000000001,0.8888888888888888,0.014705882352941176,0.04918032786885246,1.0,0.0,0.4,0.30000000000000004,0.6666666666666666,0.8807690420707193,1.0,1.0,1.0,0.6666666666666667,0.0,1.0,0.6464993877466099,0.44206583164631347,0.36360882891721985,1.0,1.0,1.0,1.0,0.6086987456023005,0.0,0.5432333837903967,0.3333333333333333,0.6666666666666666,0.0,0.25,0.3333333333333333,1.0,0.3333333333333334,1.0,0.3333333333333333,0.75,0.01869158878504673,1.0,0.5,0.4668236002162886,0.5,0.5,1.0,0.8293605544660986,0.6051397078833616,0.0,0.0,0.0,0.0,0.6666666666666666,0.75
0.75,0.75,0.30750370427268153,0.3303671396454675,0.0,0.3333333333333333,0.25,0.6363636363636364,0.4,0.75,0.6000000000000001,0.4444444444444445,0.25735294117647056,0.5901639344262296,0.0,0.0,1.0,1.0,0.3333333333333333,0.0,0.3333333333333334,0.5,0.3333333333333334,0.6666666666666667,0.0,0.19999999999999996,0.33663785564561893,0.3632666156501635,0.23791639450411048,1.0,0.5,1.0,1.0,0.3918647854357354,0.0,0.34143256526332744,0.3333333333333333,0.3333333333333333,0.0,0.375,0.3333333333333333,0.3333333333333334,0.25,1.0,0.0,0.25,0.25233644859813087,0.0,0.5,0.40072270632161505,0.5,0.5,1.0,0.733190102353096,0.0,0.0,0.0,0.0,0.0,0.6666666666666666,0.75
1.0,1.0,0.3305343547671877,0.3680555112193522,0.0,0.3333333333333333,0.0,0.8181818181818182,0.4,0.75,1.0,0.6666666666666665,0.044117647058823525,0.09836065573770493,0.0,0.0,1.0,1.0,0.3333333333333333,0.0,0.6666666666666667,1.0,0.6666666666666667,0.6666666666666667,0.0,0.0,0.0,0.6581170090180557,0.2439083845531476,1.0,1.0,1.0,1.0,0.40483992182796574,0.9625971294524258,0.6473501925443887,0.0,0.6666666666666666,0.5,0.5,0.3333333333333333,0.6666666666666667,0.5000000000000001,1.0,0.3333333333333333,1.0,0.05607476635514019,1.0,0.5,0.5067903351413943,0.5,0.5,1.0,0.8156553711964233,0.8207635847039533,0.0,0.0,0.0,0.0,0.6666666666666666,0.75
1.0,0.75,0.4266341168335986,0.4197364368565071,0.3333333333333333,0.3333333333333333,0.25,1.0,0.4,0.75,1.0,0.7777777777777777,0.11764705882352941,0.26229508196721313,0.0,0.0,0.6000000000000001,0.5,0.6666666666666666,0.909742938200988,0.6666666666666667,1.0,1.0,0.6666666666666667,0.6666666666666667,1.0,0.6262992009146225,0.45433301432488427,0.3465205751443364,1.0,1.0,1.0,1.0,0.5938742404007897,0.9582204670359924,0.7271748842871246,0.3333333333333333,0.6666666666666666,0.5,0.375,0.3333333333333333,0.6666666666666667,0.5833333333333335,1.0,0.6666666666666666,0.75,0.14953271028037385,0.5,0.5,0.5709746684264563,0.5,0.5,1.0,0.8183925845215115,0.5453688498518341,0.0,0.0,0.0,0.0,0.6666666666666666,0.75
0.75,0.75,0.36989499006338605,0.42533011958903755,0.0,0.3333333333333333,0.25,0.2272727272727273,0.4,0.75,0.6000000000000001,0.5555555555555556,0.41911764705882354,0.11475409836065574,0.0,0.0,0.30000000000000004,0.4,0.3333333333333333,0.0,0.3333333333333334,0.5,0.3333333333333334,1.0,0.6666666666666667,0.7999999999999998,0.4990791513953919,0.5879126730342246,0.2994665005302588,1.0,0.5,1.0,1.0,0.7274204160077066,0.0,0.6580313748965181,0.3333333333333333,0.6666666666666666,0.0,0.5,0.3333333333333333,0.6666666666666667,0.41666666666666674,1.0,0.3333333333333333,0.75,0.5327102803738318,0.0,0.5,0.4804572537403627,0.5,0.5,1.0,0.0,0.5302065845133244,1.0,0.0,0.0,0.0,0.6666666666666666,0.75
0.6666666666666666,0.75,0.258477511370835,0.3158096151403271,0.0,0.0,0.0,0.36363636363636365,0.4,0.75,0.8,0.4444444444444445,0.38235294117647056,0.8688524590163935,0.0,0.0,0.4,0.30000000000000004,0.3333333333333333,0.0,0.3333333333333334,0.5,0.3333333333333334,0.6666666666666667,0.0,0.7999999999999998,0.467209770776257,0.0,0.1280371329687202,1.0,0.5,1.0,1.0,0.5572359437189507,0.0,0.49444133573381555,0.0,0.3333333333333333,0.0,0.375,0.3333333333333333,0.3333333333333334,0.3333333333333334,0.75,0.3333333333333333,0.25,0.4205607476635515,0.0,0.5,0.4777377545194225,0.5,0.5,1.0,0.0,0.6148350395106629,0.0,0.0,0.0,0.0,0.6666666666666666,0.75
0.75,0.75,0.28352338779411373,0.3551906082333136,0.3333333333333333,0.3333333333333333,0.0,0.6363636363636364,0.4,0.75,0.6000000000000001,0.6666666666666665,0.007352941176470588,0.03278688524590164,0.0,0.0,1.0,1.0,0.3333333333333333,0.0,0.6666666666666667,1.0,0.6666666666666667,0.6666666666666667,0.6666666666666667,1.0,0.1751343677627182,0.778549497971568,0.31923061332640923,1.0,1.0,1.0,1.0,0.5431540546044766,0.0,0.48118970343708556,0.0,0.6666666666666666,0.0,0.375,0.3333333333333333,0.6666666666666667,0.3333333333333334,1.0,0.3333333333333333,0.75,0.009345794392523366,1.0,0.5,0.35693284860542207,0.5,0.5,1.0,0.0,0.0,0.0,0.0,0.0,0.0,1.0,1.0
0.75,0.75,0.46070807663113017,0.405085459666064,0.3333333333333333,0.3333333333333333,0.0,0.9545454545454546,0.4,0.75,0.6000000000000001,0.7777777777777777,0.03676470588235294,0.0819672131147541,0.0,0.0,0.4,0.30000000000000004,1.0,0.7110177716853443,0.6666666666666667,1.0,1.0,0.6666666666666667,0.3333333333333333,1.0,0.627516221267744,0.6159621497577418,0.4101449027341057,1.0,1.0,1.0,1.0,0.6685634549371163,0.0,0.6007228754969649,0.3333333333333333,0.6666666666666666,0.0,0.375,0.3333333333333333,0.6666666666666667,0.41666666666666674,1.0,0.3333333333333333,0.75,0.04672897196261683,1.0,0.75,0.6670997347375104,0.5,0.5,1.0,0.7676705327990762,0.8234041859209057,0.0,0.0,0.0,0.0,0.6666666666666666,0.75
1.0,0.75,0.674516538365822,0.4607699580873892,0.3333333333333333,0.3333333333333333,0.0,1.0,0.4,0.75,1.0,0.7777777777777777,0.10294117647058823,0.22950819672131148,0.0,0.0,1.0,1.0,0.6666666666666666,0.9328649079880141,0.6666666666666667,1.0,0.6666666666666667,0.6666666666666667,0.0,1.0,0.5568894201950183,0.6067668525078095,0.34634469838585924,1.0,1.0,1.0,1.0,0.5913820186196268,0.9707715549380903,0.7497495034453512,0.3333333333333333,0.6666666666666666,0.5,0.5,0.3333333333333333,1.0,0.5833333333333335,1.0,0.3333333333333333,0.75,0.13084112149532712,1.0,0.75,0.6341636509359015,0.5,0.5,1.0,0.0,0.7852394188414462,1.0,0.0,0.0,0.0,0.6666666666666666,0.75
0.25,0.75,0.3077383407727195,0.3921232512688202,0.3333333333333333,0.3333333333333333,0.0,0.36363636363636365,0.4,0.5,0.6000000000000001,0.4444444444444445,0.3161764705882353,0.7213114754098361,0.0,0.0,0.6000000000000001,0.5,0.6666666666666666,0.7854998260480284,0.3333333333333334,0.5,0.3333333333333334,0.6666666666666667,0.0,1.0,0.21539820296639745,0.818190923502193,0.39210132713023477,1.0,0.5,1.0,1.0,0.646286806990355,0.0,0.5792369498615826,0.0,0.6666666666666666,0.0,0.75,0.6666666666666666,0.3333333333333334,0.6666666666666667,1.0,0.0,0.25,0.04672897196261683,0.0,0.25,0.32158709127951257,0.5,0.5,1.0,0.7953030196956113,0.0,0.0,0.0,0.0,0.0,0.6666666666666666,0.75
0.75,0.25,0.19888101527790863,0.34320367552924447,0.3333333333333333,1.0,0.0,0.18181818181818182,0.2,0.75,0.6000000000000001,0.4444444444444445,0.3897058823529412,0.22950819672131148,0.0,0.0,0.4,0.30000000000000004,0.3333333333333333,0.0,0.3333333333333334,0.5,0.3333333333333334,0.6666666666666667,0.0,0.19999999999999996,0.3676130187550942,0.0,0.22638292978107355,1.0,0.5,1.0,1.0,0.3658459494302651,0.0,0.3178656411393952,0.3333333333333333,0.3333333333333333,0.0,0.25,0.3333333333333333,0.3333333333333334,0.16666666666666669,1.0,0.0,0.25,0.4205607476635515,0.5,0.5,0.5761917554433537,0.5,0.5,1.0,0.7822808829619589,0.6148350395106629,0.0,0.0,0.0,0.0,0.6666666666666666,0.75
0.75,0.75,0.3305343547671877,0.39259454934713833,0.0,0.3333333333333333,0.25,0.6363636363636364,0.4,0.75,0.6000000000000001,0.4444444444444445,0.25,0.5737704918032788,0.0,0.0,0.6000000000000001,0.5,0.3333333333333333,0.0,0.3333333333333334,0.5,0.3333333333333334,1.0,0.6666666666666667,0.19999999999999996,0.36894325216500157,0.0,0.2403194547560971,1.0,0.5,1.0,1.0,0.3971111439722688,0.0,0.3462008434570518,0.3333333333333333,0.3333333333333333,0.0,0.375,0.3333333333333333,0.3333333333333334,0.25,1.0,0.0,0.75,0.31775700934579443,0.0,0.25,0.2883807432629792,0.5,0.5,1.0,0.9011269466193974,0.0,0.0,0.0,0.0,0.0,0.6666666666666666,0.75
1.0,0.75,0.30750370427268153,0.40203538925461646,0.0,0.3333333333333333,0.0,0.2727272727272727,0.4,0.75,1.0,0.5555555555555556,0.22794117647058823,0.5245901639344263,1.0,0.0,0.6000000000000001,0.5,0.6666666666666666,0.7944774832638992,0.3333333333333334,0.5,0.3333333333333334,0.6666666666666667,0.0,0.19999999999999996,0.3957121458896128,0.3020664194723206,0.24510058778882532,1.0,0.75,1.0,1.0,0.40737967023519667,0.9251447491615421,0.5698877251647652,0.0,0.6666666666666666,0.5,0.375,0.3333333333333333,0.3333333333333334,0.41666666666666674,1.0,0.3333333333333333,0.75,0.28971962616822433,0.5,0.5,0.3857783697823982,0.5,0.5,1.0,0.8516953592769895,0.0,0.0,0.0,0.0,0.0,0.6666666666666666,0.75
0.75,0.75,0.258477511370835,0.4005796554389174,0.0,0.6666666666666666,0.0,0.2272727272727273,0.4,0.75,0.6000000000000001,0.3333333333333333,0.47058823529411764,0.0819672131147541,0.0,0.0,0.4,0.30000000000000004,0.3333333333333333,0.0,0.3333333333333334,0.5,0.3333333333333334,0.6666666666666667,0.0,0.0,0.0,0.0,0.0,1.0,1.0,1.0,1.0,0.412405877004493,0.0,0.3601332835265314,0.0,0.3333333333333333,0.0,0.25,0.3333333333333333,0.6666666666666667,0.3333333333333334,1.0,0.0,0.25,0.5981308411214954,0.0,0.25,0.2883807432629792,0.5,0.5,1.0,0.0,0.0,0.0,0.0,0.0,0.0,0.6666666666666666,0.0
1.0,0.75,0.47170224555436774,0.44117333787479285,0.3333333333333333,0.3333333333333333,0.0,0.9545454545454546,0.4,0.75,1.0,0.8888888888888888,0.03676470588235294,0.0819672131147541,0.0,0.0,1.0,1.0,0.6666666666666666,0.9503595829306729,0.6666666666666667,1.0,1.0,0.6666666666666667,0.6666666666666667,1.0,0.6234933677461914,0.5156528460614241,0.3655091968702711,1.0,1.0,1.0,1.0,0.6113054033779417,0.9562413069903457,0.733353319125368,0.3333333333333333,0.6666666666666666,0.5,0.375,0.3333333333333333,1.0,0.6666666666666667,1.0,0.6666666666666666,1.0,0.04672897196261683,1.0,0.75,0.5800974001875702,0.5,0.5,1.0,0.9120453536834408,0.0,0.0,0.0,0.0,0.0,0.6666666666666666,0.75
0.75,0.75,0.3483405659504856,0.3859486995631334,0.0,0.3333333333333333,0.0,0.36363636363636365,0.4,0.75,0.6000000000000001,0.4444444444444445,0.3088235294117647,0.7049180327868853,1.0,0.0,0.4,0.30000000000000004,0.6666666666666666,0.8495531268744003,0.3333333333333334,0.5,0.3333333333333334,0.6666666666666667,0.0,0.7999999999999998,0.5893107250435103,0.3362900206150059,0.2752409613315843,1.0,0.5,1.0,1.0,0.46742116162749947,0.0,0.4106398892824199,0.3333333333333333,0.3333333333333333,0.5,0.375,0.3333333333333333,0.3333333333333334,0.3333333333333334,1.0,0.0,0.75,0.3925233644859814,0.5,0.5,0.43858019169010526,0.5,0.5,1.0,0.0,0.0,0.0,0.0,0.0,0.0,0.6666666666666666,0.75
0.75,0.75,0.3527119393962403,0.3736108177276618,0.0,0.3333333333333333,0.0,0.5454545454545454,0.4,0.75,0.6000000000000001,0.5555555555555556,0.23529411764705882,0.5409836065573771,0.0,0.0,0.7000000000000001,0.7000000000000001,0.6666666666666666,0.9093452695147255,0.3333333333333334,0.5,0.6666666666666667,0.6666666666666667,0.0,0.7999999999999998,0.5561743492343684,0.5629740656551856,0.3264417883479061,1.0,0.5,1.0,1.0,0.5499844275794932,0.0,0.48761207217174984,0.0,0.6666666666666666,0.0,0.25,0.3333333333333333,0.3333333333333334,0.3333333333333334,1.0,0.3333333333333333,0.75,0.2990654205607477,0.5,0.5,0.5168338231986792,0.5,0.5,1.0,0.0,0.440197828020426,0.0,0.0,0.0,0.0,0.6666666666666666,0.75
0.0,0.75,0.3077383407727195,0.3239671015938079,0.0,0.3333333333333333,0.25,0.13636363636363635,0.2,0.75,0.6000000000000001,0.3333333333333333,0.4779411764705882,0.9344262295081968,0.0,0.0,0.30000000000000004,0.4,0.3333333333333333,0.0,0.3333333333333334,0.5,0.3333333333333334,0.6666666666666667,0.0,0.39999999999999997,0.41676515752062293,0.49976461137589756,0.21878543237882794,1.0,0.5,1.0,0.6666666666666666,0.34789649608610757,0.0,0.3016856308833682,0.0,0.3333333333333333,0.0,0.25,0.3333333333333333,0.3333333333333334,0.16666666666666669,1.0,0.6666666666666666,0.75,0.2569517393750052,0.0,0.0,0.0,0.5,0.5,1.0,0.0,0.0,0.0,0.0,0.0,0.0,0.6666666666666666,0.0
0.6666666666666666,0.75,0.3077383407727195,0.4281527050741225,0.0,0.6666666666666666,0.0,0.4545454545454546,0.4,0.75,0.8,0.6666666666666665,0.14705882352941177,0.34426229508196726,0.0,0.0,0.2,0.1,0.6666666666666666,0.8367634862654937,0.6666666666666667,1.0,0.6666666666666667,0.6666666666666667,1.0,1.0,0.6988836854770726,0.0,0.356146356662513,1.0,0.75,1.0,1.0,0.6278954745403375,0.0,0.5615818580855314,0.3333333333333333,0.6666666666666666,0.0,0.25,0.3333333333333333,0.6666666666666667,0.25,1.0,0.3333333333333333,0.75,0.1869158878504673,1.0,0.5,0.47569577873489965,0.5,0.5,1.0,0.7090119182608081,0.0,0.0,1.0,0.0,0.0,0.6666666666666666,0.75
0.75,0.75,0.30750370427268153,0.3445694824542562,0.0,0.3333333333333333,0.0,0.36363636363636365,0.4,0.75,0.6000000000000001,0.3333333333333333,0.2647058823529412,0.6065573770491803,0.0,0.0,0.4,0.30000000000000004,0.3333333333333333,0.0,0.3333333333333334,0.5,0.3333333333333334,0.6666666666666667,0.0,0.0,0.0,0.6386952189167285,0.23308456769568095,1.0,0.5,1.0,1.0,0.3874336630216256,0.0,0.3374095123348271,0.0,0.3333333333333333,0.0,0.375,0.3333333333333333,0.3333333333333334,0.25,1.0,0.0,0.25,0.30841121495327106,0.0,1.0,0.41413354340807923,0.5,0.5,1.0,0.0,0.0,0.0,0.0,0.0,0.0,0.6666666666666666,0.75
0.5833333333333333,0.25,0.258477511370835,0.3726122691005367,0.0,0.3333333333333333,0.0,0.18181818181818182,0.4,0.75,1.0,0.4444444444444445,0.7132352941176471,0.09836065573770493,0.0,0.0,0.2,0.4,0.3333333333333333,0.0,0.3333333333333334,0.25,0.0,0.3333333333333333,0.0,0.0,0.0,0.3551931006604902,0.09674885231216633,1.0,1.0,1.0,1.0,0.337811575064573,0.9125065437348492,0.5126968646424208,0.0,0.6666666666666666,0.0,0.25,0.3333333333333333,0.3333333333333334,0.41666666666666674,1.0,0.0,0.25,0.9065420560747665,0.0,0.5,0.3275380959263284,0.5,0.75,1.0,0.864641719655926,0.0,1.0,0.0,0.0,0.0,0.6666666666666666,0.0
1.0,0.75,0.31682413378215696,0.38917969814027664,0.3333333333333333,1.0,1.0,0.5909090909090909,0.4,0.75,1.0,0.7777777777777777,0.007352941176470588,0.03278688524590164,0.0,0.0,1.0,1.0,0.3333333333333333,0.0,0.6666666666666667,1.0,0.6666666666666667,0.6666666666666667,0.0,0.0,0.0,0.6513544670715959,0.2401195215913434,1.0,1.0,1.0,1.0,0.4001365576327259,0.9393755634919978,0.5939006206449196,0.0,0.6666666666666666,0.5,0.375,0.3333333333333333,0.6666666666666667,0.5000000000000001,1.0,0.3333333333333333,0.75,0.009345794392523366,1.0,0.75,0.6277847314023369,0.5,0.5,1.0,0.0,0.7483187190309702,0.0,0.0,0.0,0.0,0.6666666666666666,0.75
0.75,0.75,0.3527119393962403,0.35625896600816054,0.0,0.3333333333333333,0.25,0.2727272727272727,0.2,0.75,0.6000000000000001,0.4444444444444445,0.3382352941176471,0.7704918032786886,0.0,0.0,1.0,1.0,0.3333333333333333,0.0,0.3333333333333334,1.0,0.3333333333333334,0.6666666666666667,0.0,0.39999999999999997,0.5476485201825604,0.47436913857004803,0.2843391773725697,1.0,0.5,1.0,1.0,0.48413063966329495,0.0,0.42610279302913945,0.3333333333333333,0.3333333333333333,0.0,0.375,0.3333333333333333,0.3333333333333334,0.25,1.0,0.0,0.25,0.42990654205607487,0.0,0.5,0.41413354340807923,0.5,0.5,1.0,0.0,0.6890454321776464,0.0,0.0,0.0,0.0,0.6666666666666666,0.75
0.75,0.25,0.20459175134933955,0.2829289504068129,0.0,0.3333333333333333,0.0,0.18181818181818182,0.4,0.75,0.6000000000000001,0.4444444444444445,0.4411764705882353,0.9672131147540984,0.0,0.0,1.0,1.0,0.3333333333333333,0.0,0.3333333333333334,0.5,0.3333333333333334,0.6666666666666667,0.0,0.7999999999999998,0.30571436594553186,0.49690466435585623,0.21899197314183894,1.0,1.0,1.0,1.0,0.3483934734898087,0.0,0.302132765111609,0.0,0.3333333333333333,0.0,0.25,0.3333333333333333,0.3333333333333334,0.25,1.0,0.0,0.25,0.5607476635514019,0.0,0.25,0.2431935586408594,0.5,0.5,1.0,0.0,0.0,0.0,0.0,0.0,0.0,0.6666666666666666,1.0
0.5,0.75,0.3527119393962403,0.35591074856738714,0.0,0.3333333333333333,0.0,0.36363636363636365,0.2,0.75,0.0,0.5555555555555556,0.34558823529411764,0.7868852459016394,0.0,0.0,0.4,0.30000000000000004,0.6666666666666666,0.8431684436332769,0.3333333333333334,1.0,0.3333333333333334,0.6666666666666667,1.0,1.0,0.5738129116493748,0.2863521406261488,0.24866511248896375,1.0,1.0,1.0,1.0,0.46058295747500266,0.0,0.40432845048950883,0.3333333333333333,0.3333333333333333,0.0,0.375,0.3333333333333333,0.6666666666666667,0.3333333333333334,1.0,0.0,0.75,0.43925233644859824,0.5,0.5,0.41413354340807923,0.5,0.5,1.0,0.7623792013296005,0.0,0.0,0.0,0.0,0.0,0.6666666666666666,0.0
0.75,0.75,0.31682413378215696,0.38336727356042744,0.0,0.3333333333333333,0.0,0.36363636363636365,0.4,0.75,0.6000000000000001,0.4444444444444445,0.375,0.8524590163934427,1.0,0.0,0.4,0.30000000000000004,0.6666666666666666,0.8196918507933675,0.3333333333333334,0.5,0.3333333333333334,0.6666666666666667,0.0,0.6,0.5308300725248187,0.47033283804410236,0.2704604955273846,1.0,0.5,1.0,1.0,0.45839586183331593,0.0,0.40231186208692504,0.3333333333333333,0.3333333333333333,0.0,0.375,0.3333333333333333,0.3333333333333334,0.3333333333333334,1.0,0.0,0.75,0.47663551401869164,0.0,0.25,0.2714471058495053,0.5,0.5,1.0,0.0,0.4736145919341385,0.0,1.0,0.0,0.0,0.6666666666666666,0.75
0.75,0.75,0.31682413378215696,0.38067498306066483,0.3333333333333333,0.3333333333333333,0.0,0.36363636363636365,0.4,0.75,0.6000000000000001,0.4444444444444445,0.3602941176470588,0.18032786885245902,0.0,0.0,0.6000000000000001,0.5,0.6666666666666666,0.7575804779543802,0.3333333333333334,0.5,0.3333333333333334,0.6666666666666667,0.0,0.6,0.4580296050330396,0.5818862908316301,0.27466884765211097,1.0,0.5,1.0,1.0,0.5212114422343086,0.0,0.46062489554602637,0.0,0.3333333333333333,0.0,0.25,0.3333333333333333,0.6666666666666667,0.3333333333333334,0.75,0.3333333333333333,0.75,0.4579439252336449,0.0,0.25,0.3907744385481474,0.5,0.5,1.0,0.0,0.0,0.0,0.0,0.0,0.0,0.6666666666666666,0.75
0.6666666666666666,0.75,0.3077383407727195,0.4471041577265391,0.3333333333333333,0.3333333333333333,0.25,0.36363636363636365,0.4,0.75,0.8,0.4444444444444445,0.3382352941176471,0.7704918032786886,1.0,0.0,0.2,0.5,0.6666666666666666,0.7878391251151761,0.3333333333333334,1.0,0.3333333333333334,0.6666666666666667,0.6666666666666667,1.0,0.6231402496030011,0.2548214460853408,0.2901611866123653,1.0,0.5,1.0,1.0,0.49451693664115814,0.0,0.4357434254986736,0.3333333333333333,0.3333333333333333,0.0,0.375,0.3333333333333333,0.3333333333333334,0.3333333333333334,1.0,0.3333333333333333,0.75,0.42990654205607487,0.5,0.5,0.416944024679468,0.5,0.5,1.0,0.8432720026713861,0.0,0.0,0.0,0.0,0.0,0.6666666666666666,0.75
0.75,0.75,0.28352338779411373,0.34063174241327476,0.0,0.3333333333333333,0.0,0.4545454545454546,0.4,0.75,0.6000000000000001,0.5555555555555556,0.10294117647058823,0.18032786885245902,0.0,0.0,0.6000000000000001,0.5,0.6666666666666666,0.8844809340109094,0.3333333333333334,1.0,0.6666666666666667,0.6666666666666667,0.0,1.0,0.6440866579893445,0.3592534877663692,0.33680013986367213,1.0,1.0,1.0,1.0,0.6356790671378932,0.0,0.5690446936124451,0.3333333333333333,0.6666666666666666,0.0,0.375,0.3333333333333333,0.6666666666666667,0.41666666666666674,1.0,0.3333333333333333,0.75,0.13084112149532712,0.5,0.5,0.4797777134555444,0.5,0.5,1.0,0.8416217393087538,0.5875653894703193,0.0,0.0,0.0,0.0,0.6666666666666666,0.75
0.75,0.75,0.30750370427268153,0.3469998199782207,0.0,0.3333333333333333,0.0,0.36363636363636365,0.4,0.75,0.6000000000000001,0.5555555555555556,0.38235294117647056,0.8688524590163935,1.0,0.0,0.8,0.8,0.3333333333333333,0.0,0.3333333333333334,0.5,0.3333333333333334,0.6666666666666667,0.0,0.7999999999999998,0.3735125186614105,0.5476851798971164,0.3491549879136457,1.0,0.75,1.0,1.0,0.5883674169975734,0.0,0.5238885314182413,0.3333333333333333,0.3333333333333333,0.5,0.375,0.3333333333333333,0.3333333333333334,0.3333333333333334,1.0,0.6666666666666666,0.75,0.485981308411215,0.5,0.5,0.38720733534248497,0.5,0.5,1.0,0.7557092203313266,0.0,0.0,1.0,0.0,0.0,0.6666666666666666,0.75
0.75,0.75,0.30750370427268153,0.43558794865731465,0.0,0.3333333333333333,0.0,0.36363636363636365,0.4,0.75,0.6000000000000001,0.4444444444444445,0.375,0.13114754098360656,1.0,0.0,0.2,0.1,0.3333333333333333,0.0,0.3333333333333334,0.5,0.6666666666666667,0.6666666666666667,0.0,0.39999999999999997,0.46457892259990735,0.513349148673202,0.24708310101348677,1.0,0.5,1.0,1.0,0.411573051104748,0.0,0.35937342761449376,0.0,0.3333333333333333,0.0,0.25,0.3333333333333333,0.3333333333333334,0.16666666666666669,1.0,0.0,0.75,0.47663551401869164,0.0,0.25,0.24478239463600868,0.5,0.5,1.0,0.8604870787118343,0.0,1.0,0.0,0.0,0.0,0.6666666666666666,0.75
1.0,0.75,0.3656434511405297,0.43351900865382653,0.3333333333333333,1.0,0.25,0.8636363636363636,0.4,0.75,1.0,0.6666666666666665,0.0,0.01639344262295082,0.0,0.0,1.0,1.0,0.3333333333333333,0.0,0.3333333333333334,1.0,1.0,0.6666666666666667,0.6666666666666667,0.0,0.0,0.6342922948236257,0.23065550002525217,1.0,0.75,1.0,1.0,0.3756512668945365,0.9339918467820134,0.5717772881373016,0.0,0.6666666666666666,0.5,0.375,0.3333333333333333,0.6666666666666667,0.3333333333333334,1.0,0.0,0.75,0.0,0.5,0.5,0.5301554091785043,0.5,0.5,1.0,0.8323994958019104,0.7455338508728981,0.0,0.0,0.0,0.0,1.0,1.0
0.41666666666666663,0.75,0.22134858610357228,0.26166990038944604,0.0,0.3333333333333333,0.25,0.7272727272727273,0.4,0.75,0.2,0.4444444444444445,0.7132352941176471,0.0819672131147541,0.0,0.0,0.2,0.4,0.3333333333333333,0.0,0.3333333333333334,1.0,0.3333333333333334,0.6666666666666667,0.0,0.0,0.0,0.5617169735905393,0.1919596493138456,1.0,1.0,1.0,1.0,0.27854795388023923,0.9016313320310503,0.4646077652689642,0.0,0.6666666666666666,0.0,0.375,0.3333333333333333,0.3333333333333334,0.5000000000000001,1.0,0.3333333333333333,0.25,0.20560747663551407,0.0,0.5,0.464085868832899,0.5,0.5,1.0,0.8511865857858991,0.0,1.0,0.0,0.0,0.0,0.6666666666666666,0.75
1.0,0.75,0.3077383407727195,0.42190521223553157,0.3333333333333333,0.3333333333333333,0.25,0.5909090909090909,0.4,0.75,1.0,0.6666666666666665,0.029411764705882353,0.0819672131147541,0.0,0.0,1.0,1.0,0.3333333333333333,0.0,0.6666666666666667,1.0,0.6666666666666667,0.6666666666666667,1.0,0.0,0.0,0.6346604597777276,0.23085826304190749,1.0,1.0,1.0,1.0,0.3761116186877425,0.93801542457485,0.5802607783613096,0.0,0.6666666666666666,0.5,0.375,0.3333333333333333,0.6666666666666667,0.41666666666666674,1.0,0.3333333333333333,1.0,0.03738317757009346,1.0,0.5,0.380767310141432,0.5,0.5,1.0,0.738563316813426,0.6084364587161577,0.0,0.0,0.0,0.0,0.6666666666666666,0.5
1.0,0.75,0.31218246909645037,0.3327084086853793,0.3333333333333333,0.3333333333333333,0.0,0.5909090909090909,0.4,0.75,1.0,0.6666666666666665,0.03676470588235294,0.0819672131147541,0.0,0.0,1.0,1.0,0.3333333333333333,0.0,0.6666666666666667,1.0,0.6666666666666667,0.6666666666666667,0.0,1.0,0.4819190144349195,0.3731026862582646,0.2037281825960986,1.0,1.0,1.0,1.0,0.31020527212493965,0.9192643568769775,0.5126968646424208,0.3333333333333333,0.6666666666666666,0.5,0.375,0.3333333333333333,0.6666666666666667,0.3333333333333334,1.0,0.3333333333333333,0.75,0.04672897196261683,1.0,0.5,0.38005020407393714,0.5,0.5,1.0,0.738563316813426,0.6179419046292761,0.0,0.0,0.0,0.0,0.6666666666666666,0.75
0.16666666666666666,0.75,0.20459175134933955,0.3233000847604388,0.0,0.3333333333333333,0.25,0.13636363636363635,0.0,0.0,0.4,0.4444444444444445,0.5073529411764706,0.9672131147540984,0.0,0.0,0.4,0.30000000000000004,0.3333333333333333,0.0,0.3333333333333334,0.25,0.3333333333333334,0.6666666666666667,0.0,1.0,0.5923650676248711,0.25672930658058646,0.25944827415438076,1.0,1.0,1.0,1.0,0.46884413477744036,0.0,0.41195445733202085,0.3333333333333333,0.3333333333333333,0.0,0.25,0.6666666666666666,0.3333333333333334,0.25,1.0,0.6666666666666666,0.75,0.6448598130841122,0.5,0.25,0.2067648696431767,0.75,0.5,1.0,0.0,0.2482764672523792,0.0,0.0,0.0,0.0,0.6666666666666666,0.75
0.75,0.75,0.3259993209076832,0.38438877749484446,0.0,0.3333333333333333,0.25,0.2272727272727273,0.4,0.75,0.6000000000000001,0.2222222222222222,0.41911764705882354,0.9508196721311476,0.5,1.0,0.1,0.6000000000000001,0.3333333333333333,0.0,0.3333333333333334,0.0,0.3333333333333334,0.6666666666666667,0.0,0.0,0.0,0.0,0.0,0.5,0.25,0.0,0.3333333333333333,0.4181821020453412,0.0,0.36540725569318155,0.0,0.3333333333333333,0.0,0.25,0.3333333333333333,0.0,0.16666666666666669,0.75,0.0,0.25,0.4953271028037384,0.0,0.5,0.447579783240505,0.5,0.25,1.0,0.0,0.0,0.0,0.0,0.0,0.0,0.6666666666666666,0.75
0.75,0.75,0.258477511370835,0.33978268587661375,0.0,1.0,0.0,0.9090909090909092,0.4,0.75,0.6000000000000001,0.7777777777777777,0.0,0.01639344262295082,0.0,0.0,0.4,0.30000000000000004,0.6666666666666666,0.0,0.6666666666666667,1.0,0.6666666666666667,0.6666666666666667,0.6666666666666667,1.0,0.6106153368973997,0.476373697595093,0.33875201812254385,1.0,1.0,1.0,1.0,0.5731509793529501,0.0,0.5094692045120217,0.3333333333333333,0.6666666666666666,0.0,0.25,0.3333333333333333,0.6666666666666667,0.41666666666666674,1.0,0.3333333333333333,0.75,0.0,0.5,0.5,0.47433333484537177,0.5,0.5,1.0,0.7822808829619589,0.0,0.0,0.0,0.0,0.0,1.0,1.0
0.75,0.75,0.3077383407727195,0.35863651171544153,0.3333333333333333,0.3333333333333333,0.25,0.2272727272727273,0.4,0.75,0.6000000000000001,0.3333333333333333,0.3897058823529412,0.8852459016393444,0.0,0.0,0.0,0.0,0.3333333333333333,0.0,0.3333333333333334,0.5,0.3333333333333334,0.6666666666666667,0.0,0.0,0.0,0.5663117250887263,0.19433311702315537,1.0,1.0,1.0,0.6666666666666666,0.42467140476044724,0.0,0.3713403330158993,0.0,0.3333333333333333,0.0,0.375,0.3333333333333333,0.3333333333333334,0.25,1.0,0.0,0.5,0.4953271028037384,0.0,0.25,0.27299639863097414,0.5,0.5,1.0,0.6790272791293452,0.0,0.0,1.0,0.0,0.0,0.0,0.0
0.75,0.75,0.293236400806874,0.39270315208778395,0.3333333333333333,1.0,0.0,0.8636363636363636,0.4,0.75,0.6000000000000001,0.7777777777777777,0.007352941176470588,0.01639344262295082,0.0,0.0,1.0,1.0,1.0,0.8891128890876158,0.6666666666666667,1.0,0.6666666666666667,0.6666666666666667,0.6666666666666667,0.0,0.0,0.8758405051941786,0.3768398413402978,1.0,1.0,1.0,1.0,0.6283450493095001,0.0,0.5620125411482211,0.0,0.6666666666666666,0.0,0.375,0.3333333333333333,0.6666666666666667,0.3333333333333334,1.0,0.3333333333333333,0.75,0.0,0.5,0.75,0.6721330799922826,0.5,0.5,1.0,0.8223821834295504,0.6890454321776464,0.0,0.0,0.0,0.0,1.0,1.0
0.5,0.75,0.30278701388750356,0.3843699084009058,0.3333333333333333,0.3333333333333333,0.0,0.36363636363636365,0.4,0.75,0.0,0.4444444444444445,0.3235294117647059,0.7377049180327869,0.0,0.0,0.4,0.30000000000000004,0.3333333333333333,0.0,0.3333333333333334,0.5,0.3333333333333334,0.6666666666666667,0.6666666666666667,0.6,0.5783842070514017,0.25767787180737883,0.24648893315627798,1.0,0.5,1.0,1.0,0.4400124149724267,0.0,0.38540032431827287,0.3333333333333333,0.3333333333333333,0.0,0.375,0.3333333333333333,0.3333333333333334,0.3333333333333334,1.0,0.0,0.75,0.41121495327102814,0.0,0.25,0.28225025557810124,0.5,0.5,1.0,0.7911181941709386,0.6723293845092958,0.0,0.0,0.0,0.0,0.6666666666666666,0.75
0.08333333333333333,0.25,0.20459175134933955,0.3623399874434068,0.0,0.3333333333333333,0.0,0.13636363636363635,0.8,0.75,0.6000000000000001,0.4444444444444445,0.5735294117647058,0.8032786885245902,0.0,0.0,1.0,1.0,0.3333333333333333,0.0,0.3333333333333334,0.25,0.3333333333333334,0.6666666666666667,0.0,0.0,0.0,0.5946635236809719,0.20920903132554072,1.0,0.5,1.0,0.6666666666666666,0.3433928524472692,0.0,0.36202584407493177,0.0,0.3333333333333333,0.0,0.25,0.3333333333333333,0.3333333333333334,0.16666666666666669,1.0,0.0,0.25,0.1869158878504673,0.0,0.25,0.2883807432629792,0.5,0.5,0.5,0.0,0.0,0.0,0.0,0.0,1.0,0.6666666666666666,0.75
1.0,0.75,0.5541015479375442,0.5090877408120129,0.3333333333333333,1.0,0.25,0.5909090909090909,0.4,0.75,1.0,0.6666666666666665,0.007352941176470588,0.01639344262295082,0.0,0.0,1.0,1.0,0.6666666666666666,0.9258711667925834,0.6666666666666667,1.0,0.6666666666666667,0.6666666666666667,0.3333333333333333,1.0,0.24647418982540256,0.7928712794460773,0.33395394290133434,1.0,1.0,1.0,1.0,0.5659582200622177,0.9542085411081568,0.7048124091026411,0.3333333333333333,0.6666666666666666,0.5,0.5,0.3333333333333333,0.6666666666666667,0.5833333333333335,1.0,0.3333333333333333,0.75,0.0,0.5,0.5,0.4804572537403627,0.5,0.5,1.0,0.8496466072967437,0.7690388997478057,0.0,0.0,0.0,0.0,1.0,1.0
0.6666666666666666,0.75,0.3741179555118947,0.36754267803225127,0.0,0.3333333333333333,0.0,0.36363636363636365,0.4,0.75,0.8,0.5555555555555556,0.3161764705882353,0.27868852459016397,1.0,0.0,0.6000000000000001,0.5,0.6666666666666666,0.8098704841797623,0.3333333333333334,0.5,0.6666666666666667,0.6666666666666667,1.0,0.19999999999999996,0.41873345076270313,0.465235250667655,0.3177815456148273,1.0,1.0,1.0,1.0,0.5408472136151199,0.0,0.4790229050747068,0.0,0.6666666666666666,0.0,0.375,0.3333333333333333,0.6666666666666667,0.41666666666666674,0.75,0.0,0.75,0.4018691588785048,0.5,0.25,0.28914493393796664,0.5,0.5,1.0,0.8901100363331618,0.0,0.0,0.0,0.0,0.0,0.3333333333333333,0.75
0.25,0.25,0.258477511370835,0.317563684480187,0.0,0.3333333333333333,0.0,0.18181818181818182,0.4,0.5,0.0,0.4444444444444445,0.19852941176470587,0.459016393442623,0.0,0.0,0.4,0.30000000000000004,0.6666666666666666,0.855401977155243,0.3333333333333334,0.5,0.6666666666666667,0.6666666666666667,1.0,1.0,0.6089301682793157,0.0,0.24866511248896375,1.0,0.5,1.0,1.0,0.4148928103975756,0.0,0.36240314949979435,0.3333333333333333,0.3333333333333333,0.0,0.25,0.3333333333333333,0.3333333333333334,0.16666666666666669,1.0,0.0,0.25,0.25233644859813087,0.0,0.5,0.5447202844265141,0.5,0.5,1.0,0.6425943158957277,0.0,0.0,0.0,0.0,0.0,0.6666666666666666,0.75
0.75,0.75,0.3077383407727195,0.312199421276818,0.3333333333333333,0.3333333333333333,1.0,0.6363636363636364,0.4,0.75,0.6000000000000001,0.4444444444444445,0.22794117647058823,0.0819672131147541,0.0,0.0,1.0,1.0,0.6666666666666666,0.7923248313514348,0.6666666666666667,0.5,0.3333333333333334,0.6666666666666667,0.0,0.7999999999999998,0.5464019083403694,0.3222981010909527,0.23429578418292307,1.0,1.0,1.0,1.0,0.3838491176988364,0.0,0.3341579351309818,0.3333333333333333,0.3333333333333333,0.0,0.375,0.3333333333333333,0.3333333333333334,0.3333333333333334,1.0,0.0,0.75,0.28971962616822433,0.0,0.25,0.30960784118089385,0.5,0.5,1.0,0.0,0.0,0.0,0.0,0.0,0.0,0.6666666666666666,0.75
0.16666666666666666,0.75,0.30750370427268153,0.312199421276818,0.0,0.3333333333333333,0.0,0.2272727272727273,0.4,0.0,1.0,0.4444444444444445,0.7205882352941176,0.2950819672131148,0.0,0.0,0.4,0.30000000000000004,0.3333333333333333,0.0,0.3333333333333334,0.5,0.6666666666666667,0.6666666666666667,1.0,1.0,0.6150494416081469,0.2642211788614213,0.2835849188713979,1.0,0.5,1.0,1.0,0.36347165844377677,0.8913917955069304,0.49104307820823,0.3333333333333333,0.3333333333333333,0.0,0.375,0.3333333333333333,0.3333333333333334,0.25,1.0,0.0,0.75,0.27564332816005194,0.0,0.0,0.0,0.5,0.5,0.0,0.7170839762813107,0.0,1.0,0.0,0.0,0.0,0.6666666666666666,0.75
0.75,0.75,0.24288113212293722,0.36537416691268576,1.0,0.3333333333333333,0.0,0.6363636363636364,0.4,0.75,0.6000000000000001,0.4444444444444445,0.10294117647058823,0.22950819672131148,0.0,0.0,1.0,1.0,0.3333333333333333,0.0,0.3333333333333334,1.0,0.6666666666666667,0.6666666666666667,0.0,1.0,0.5561743492343684,0.3814132494727457,0.25925362979958366,1.0,1.0,1.0,1.0,0.436530240547177,0.0,0.38220472768194025,0.0,0.3333333333333333,0.0,0.375,0.3333333333333333,0.3333333333333334,0.25,1.0,0.0,0.25,0.11214953271028039,0.0,0.5,0.5447202844265141,0.5,0.5,1.0,0.0,0.0,0.0,0.0,0.0,0.0,0.6666666666666666,0.75
0.41666666666666663,0.75,0.5669938147939488,0.4949412963619477,0.3333333333333333,0.0,0.0,0.7727272727272727,0.4,0.75,0.2,0.4444444444444445,0.4485294117647059,0.22950819672131148,0.0,0.0,0.4,0.30000000000000004,0.3333333333333333,0.0,0.3333333333333334,0.5,0.3333333333333334,0.6666666666666667,0.0,0.39999999999999997,0.34768056603275377,0.6807061041073164,0.36998728638009426,1.0,0.5,1.0,1.0,0.6260912540336926,0.9459251255057299,0.785083758386762,0.0,1.0,0.0,0.375,0.3333333333333333,1.0,0.8333333333333336,0.0,0.3333333333333333,0.75,0.26629753376752857,0.0,0.0,0.0,0.5,0.5,1.0,0.7645235410953635,0.0,0.0,0.0,0.0,0.0,0.6666666666666666,0.75
0.75,0.75,0.28352338779411373,0.3481359076351431,0.0,0.3333333333333333,0.0,0.6363636363636364,0.4,0.75,0.6000000000000001,0.6666666666666665,0.029411764705882353,0.0819672131147541,0.0,0.0,1.0,1.0,0.3333333333333333,0.0,0.6666666666666667,1.0,0.6666666666666667,0.6666666666666667,0.3333333333333333,1.0,0.5592558033911597,0.5519775031810802,0.3241043329787697,1.0,1.0,1.0,1.0,0.5508288892751974,0.0,0.488406782624089,0.3333333333333333,0.6666666666666666,0.0,0.375,0.3333333333333333,0.6666666666666667,0.3333333333333334,1.0,0.0,0.75,0.03738317757009346,0.5,0.5,0.44965065302925844,0.5,0.5,1.0,0.0,0.5760233196001587,0.0,0.0,0.0,0.0,0.6666666666666666,0.75
0.41666666666666663,0.75,0.258477511370835,0.3882010925254116,0.0,0.3333333333333333,0.25,0.18181818181818182,0.0,0.75,0.2,0.2222222222222222,0.6691176470588235,0.9344262295081968,0.0,0.0,0.2,0.1,0.3333333333333333,0.0,0.3333333333333334,1.0,0.3333333333333334,0.6666666666666667,0.0,0.0,0.0,0.5663117250887263,0.19433311702315537,1.0,0.5,1.0,1.0,0.2978678623131875,0.890151139970201,0.4542746195256173,0.0,0.3333333333333333,0.0,0.375,0.3333333333333333,0.3333333333333334,0.3333333333333334,1.0,0.0,0.25,0.07476635514018692,0.0,0.75,0.713333954508223,0.5,0.5,1.0,0.8371023155760778,0.0,1.0,0.0,0.0,0.0,0.6666666666666666,0.5
0.9166666666666666,0.75,0.14423955116505177,0.3064606808809942,0.3333333333333333,0.3333333333333333,0.0,0.9545454545454546,0.4,1.0,0.6000000000000001,0.6666666666666665,0.007352941176470588,0.01639344262295082,0.0,0.0,1.0,1.0,1.0,0.7965738064789673,0.6666666666666667,1.0,0.6666666666666667,0.6666666666666667,0.0,0.0,0.0,0.8023605896067739,0.3296686227314655,1.0,1.0,1.0,1.0,0.5594371169430665,0.0,0.4965165635725777,0.0,0.6666666666666666,0.0,0.25,0.3333333333333333,0.6666666666666667,0.3333333333333334,1.0,0.3333333333333333,0.75,0.009345794392523366,0.5,0.5,0.4099095300308369,0.5,0.5,1.0,0.7747097271865055,0.5592256127924128,0.0,0.0,0.0,0.0,1.0,1.0
0.75,0.75,0.3656434511405297,0.388386104097608,0.0,0.3333333333333333,0.25,0.2272727272727273,0.4,0.75,0.6000000000000001,0.5555555555555556,0.007352941176470588,0.03278688524590164,0.0,0.0,1.0,1.0,0.3333333333333333,0.0,0.3333333333333334,1.0,0.6666666666666667,0.6666666666666667,0.3333333333333333,1.0,0.20666440804862038,0.7453104264161717,0.30131537213510473,1.0,1.0,1.0,1.0,0.5137891133575694,0.0,0.45369166245170733,0.0,0.6666666666666666,0.0,0.375,0.3333333333333333,0.6666666666666667,0.3333333333333334,1.0,0.0,0.75,0.009345794392523366,0.5,0.5,0.4000140218821316,0.5,0.5,1.0,0.738563316813426,0.4880263520537679,0.0,0.0,0.0,0.0,0.6666666666666666,0.75
0.75,0.75,0.3305343547671877,0.3698705020982709,0.0,0.3333333333333333,0.25,0.36363636363636365,0.4,0.75,0.6000000000000001,0.5555555555555556,0.3676470588235294,0.8360655737704918,1.0,0.0,0.4,0.30000000000000004,0.6666666666666666,0.8304018695187387,0.3333333333333334,0.5,0.3333333333333334,0.6666666666666667,0.0,0.6,0.5264710843675748,0.494027113949519,0.27657427804364404,1.0,0.75,1.0,1.0,0.46990762790805296,0.0,0.4129372039430601,0.0,0.3333333333333333,0.0,0.375,0.3333333333333333,0.3333333333333334,0.25,1.0,0.0,0.75,0.4672897196261683,0.0,0.25,0.27299639863097414,0.5,0.5,1.0,0.0,0.0,0.0,1.0,0.0,0.0,0.6666666666666666,0.75
1.0,0.75,0.30750370427268153,0.35481860103356433,0.0,0.3333333333333333,0.0,0.6363636363636364,0.4,0.75,1.0,0.5555555555555556,0.08823529411764705,0.21311475409836064,0.0,0.0,1.0,1.0,0.6666666666666666,0.8165567059012028,0.3333333333333334,1.0,0.6666666666666667,0.6666666666666667,0.0,1.0,0.5077293172312122,0.37823946989649576,0.22208197655248527,1.0,1.0,1.0,1.0,0.35576765650108727,0.9372272905960094,0.5696771541146215,0.0,0.6666666666666666,0.5,0.375,0.3333333333333333,0.6666666666666667,0.41666666666666674,1.0,0.0,0.75,0.11214953271028039,0.5,0.5,0.44412339773297554,0.5,0.5,1.0,0.0,0.6829764430705326,0.0,0.0,0.0,0.0,0.6666666666666666,0.75
1.0,0.75,0.3077383407727195,0.5031426030914232,0.3333333333333333,0.3333333333333333,0.5,0.5454545454545454,0.4,0.75,1.0,0.5555555555555556,0.22058823529411764,0.5081967213114754,0.0,0.0,0.6000000000000001,0.5,0.6666666666666666,0.8196918507933675,0.3333333333333334,1.0,0.6666666666666667,0.6666666666666667,0.3333333333333333,1.0,0.5622934309609142,0.1963930664991278,0.22043585861958265,1.0,0.5,1.0,1.0,0.3488897720224798,0.9273116982456303,0.546170376306653,0.3333333333333333,0.6666666666666666,0.5,0.375,0.3333333333333333,0.3333333333333334,0.3333333333333334,1.0,0.3333333333333333,0.75,0.28037383177570097,1.0,0.5,0.4736517734771037,0.5,0.5,1.0,0.8798896378220724,0.7412654801189664,0.0,0.0,0.0,0.0,0.6666666666666666,0.75
1.0,0.75,0.3077383407727195,0.4316221325683822,1.0,0.3333333333333333,0.25,0.5909090909090909,0.4,0.75,1.0,0.5555555555555556,0.08088235294117647,0.18032786885245902,0.0,0.0,0.6000000000000001,0.5,0.3333333333333333,0.0,0.3333333333333334,1.0,0.6666666666666667,0.6666666666666667,0.0,0.7999999999999998,0.5324410766896563,0.2142231844501105,0.19840911564992658,1.0,0.75,1.0,1.0,0.29615287150578495,0.9298570661038648,0.5286469010863231,0.0,0.6666666666666666,0.5,0.375,0.3333333333333333,0.3333333333333334,0.3333333333333334,1.0,0.3333333333333333,0.75,0.10280373831775703,1.0,0.5,0.3634686834576714,0.5,0.5,1.0,0.8834006676094055,0.5948259674017904,0.0,0.0,0.0,0.0,0.6666666666666666,0.75
1.0,0.75,0.4148835445340872,0.43776574291927184,0.3333333333333333,0.3333333333333333,0.25,0.6363636363636364,0.4,0.75,1.0,0.6666666666666665,0.029411764705882353,0.0819672131147541,0.0,0.0,1.0,1.0,0.3333333333333333,0.0,0.6666666666666667,1.0,0.6666666666666667,0.6666666666666667,0.0,1.0,0.5594910046676166,0.32078852334860813,0.2447034125516162,1.0,1.0,1.0,1.0,0.4082222759120298,0.9432257345660154,0.6055172311596371,0.3333333333333333,0.6666666666666666,0.5,0.375,0.3333333333333333,0.6666666666666667,0.5000000000000001,1.0,0.0,1.0,0.03738317757009346,0.5,0.5,0.42255191506878165,0.5,0.5,1.0,0.7876612587030584,0.7095424630208824,0.0,0.0,0.0,0.0,0.6666666666666666,0.75
0.9166666666666666,0.75,0.22134858610357228,0.20292013185582536,0.0,0.3333333333333333,0.0,0.6818181818181819,0.4,1.0,0.6000000000000001,0.6666666666666665,0.007352941176470588,0.01639344262295082,0.0,0.0,0.30000000000000004,0.4,0.6666666666666666,0.7698748935532435,0.6666666666666667,1.0,1.0,0.6666666666666667,0.6666666666666667,0.0,0.0,0.7702359323426465,0.3097697380583428,1.0,1.0,1.0,1.0,0.5278798919151322,0.0,0.46686383645924456,0.0,0.6666666666666666,0.0,0.25,0.3333333333333333,0.6666666666666667,0.3333333333333334,1.0,0.3333333333333333,0.75,0.0,1.0,0.75,0.52882676367062,0.5,0.5,1.0,0.7858945402947143,0.440197828020426,0.0,0.0,0.0,0.0,1.0,1.0
0.75,0.75,0.3077383407727195,0.3974239364232739,0.3333333333333333,0.3333333333333333,0.25,0.36363636363636365,0.4,0.75,0.6000000000000001,0.5555555555555556,0.3529411764705882,0.8032786885245902,1.0,0.0,0.4,0.30000000000000004,0.6666666666666666,0.8689140336513833,0.3333333333333334,0.5,0.3333333333333334,0.6666666666666667,0.0,0.6,0.5671113385164823,0.49881323244937703,0.30885473027284654,1.0,0.5,1.0,1.0,0.5263754451072595,0.0,0.46545546883261313,0.3333333333333333,0.3333333333333333,0.5,0.25,0.3333333333333333,0.3333333333333334,0.25,1.0,0.3333333333333333,0.75,0.44859813084112155,0.5,0.25,0.32158709127951257,0.5,0.5,1.0,0.0,0.8461972622818319,1.0,0.0,0.0,0.0,0.6666666666666666,0.75
0.75,0.75,0.30750370427268153,0.3469998199782207,0.0,0.3333333333333333,0.0,0.6363636363636364,0.4,0.75,0.6000000000000001,0.6666666666666665,0.044117647058823525,0.09836065573770493,0.0,0.0,1.0,1.0,0.6666666666666666,0.8107388261559448,0.6666666666666667,1.0,0.6666666666666667,0.6666666666666667,0.6666666666666667,1.0,0.5622934309609142,0.6021126485440628,0.34827762675462154,1.0,1.0,1.0,1.0,0.5898780060992939,0.0,0.5253227280668926,0.3333333333333333,0.6666666666666666,0.0,0.375,0.3333333333333333,0.6666666666666667,0.41666666666666674,1.0,0.0,0.75,0.05607476635514019,0.5,0.5,0.5007421186398372,0.5,0.5,1.0,0.0,0.5592256127924128,0.0,0.0,0.0,0.0,0.6666666666666666,0.75
0.41666666666666663,0.75,0.28840066847113927,0.5320816613681729,0.0,0.3333333333333333,0.0,0.2272727272727273,0.4,0.75,0.2,0.5555555555555556,0.6617647058823529,0.9672131147540984,0.0,0.0,0.2,0.1,0.3333333333333333,0.0,0.3333333333333334,0.25,0.6666666666666667,0.6666666666666667,0.3333333333333333,0.0,0.0,0.7412754296092611,0.2922172250846316,1.0,1.0,1.0,1.0,0.4981300865125322,0.8885281089000222,0.5679880927138918,0.0,0.6666666666666666,0.0,0.5,0.3333333333333333,0.3333333333333334,0.5000000000000001,1.0,0.3333333333333333,0.25,0.4953271028037384,1.0,0.5,0.354019170679895,0.5,0.5,0.0,0.6949073700561331,0.5635918696880929,0.0,1.0,0.0,0.0,0.6666666666666666,0.75
0.75,0.75,0.30750370427268153,0.3405140361525918,0.0,0.3333333333333333,0.0,0.36363636363636365,0.4,0.75,0.6000000000000001,0.3333333333333333,0.2867647058823529,0.6557377049180328,0.0,0.0,0.4,0.30000000000000004,0.3333333333333333,0.0,0.3333333333333334,0.5,0.3333333333333334,0.6666666666666667,0.0,0.7999999999999998,0.37479414120739135,0.5667274543491846,0.23429578418292307,1.0,1.0,1.0,1.0,0.3838491176988364,0.0,0.3341579351309818,0.0,0.3333333333333333,0.0,0.375,0.3333333333333333,0.3333333333333334,0.25,1.0,0.0,0.25,0.14018691588785048,0.0,0.5,0.40213920755871335,0.5,0.5,1.0,0.0,0.0,0.0,0.0,0.0,0.0,0.6666666666666666,0.75
0.41666666666666663,0.25,0.21582366252145851,0.2903630171169649,0.0,0.3333333333333333,0.0,0.13636363636363635,0.4,0.75,0.2,0.4444444444444445,0.5735294117647058,0.27868852459016397,0.0,0.0,0.4,0.30000000000000004,0.3333333333333333,0.0,0.3333333333333334,1.0,0.3333333333333334,0.6666666666666667,0.0,0.0,0.0,0.7142843265690224,0.2761935604356144,1.0,0.5,1.0,1.0,0.48650279037891253,0.8755459588849708,0.5459453112458537,0.0,0.6666666666666666,0.0,0.375,0.3333333333333333,0.3333333333333334,0.5000000000000001,1.0,0.3333333333333333,0.25,0.7289719626168225,0.0,0.5,0.3275380959263284,0.5,0.5,0.5,0.0,0.0,0.0,0.0,0.0,0.0,0.6666666666666666,0.75
0.75,0.75,0.3439377595168705,0.4098406702779507,0.0,0.3333333333333333,0.0,0.6363636363636364,0.4,0.75,0.6000000000000001,0.6666666666666665,0.007352941176470588,0.03278688524590164,0.0,0.0,1.0,1.0,0.3333333333333333,0.0,0.6666666666666667,1.0,0.6666666666666667,0.6666666666666667,0.6666666666666667,1.0,0.6689495388296484,0.4559073732900134,0.393111301356815,1.0,1.0,1.0,1.0,0.6475633599268616,0.0,0.5804651917224697,0.3333333333333333,0.6666666666666666,0.0,0.375,0.3333333333333333,0.6666666666666667,0.41666666666666674,1.0,0.0,0.75,0.009345794392523366,1.0,0.5,0.5367871395619246,0.5,0.5,1.0,0.7993456094203164,0.5012490905562572,0.0,0.0,0.0,0.0,0.6666666666666666,0.75
0.5,0.75,0.27860356404213366,0.320218003540379,0.0,0.3333333333333333,0.25,0.2272727272727273,0.4,0.75,0.0,0.6666666666666665,0.044117647058823525,0.11475409836065574,0.0,0.0,0.6000000000000001,0.5,0.6666666666666666,0.9320715579894807,0.6666666666666667,0.0,0.3333333333333334,0.6666666666666667,0.0,0.0,0.0,0.0,0.0,1.0,1.0,1.0,1.0,0.16233701813414783,0.9781838053699141,0.6169519252713385,0.0,1.0,0.0,0.5,0.3333333333333333,0.6666666666666667,0.41666666666666674,1.0,0.3333333333333333,1.0,0.05607476635514019,0.5,0.5,0.5447202844265141,0.5,0.5,1.0,0.0,0.0,1.0,0.0,0.0,0.0,0.3333333333333333,0.75
0.75,0.75,0.258477511370835,0.3614947260350374,0.0,0.3333333333333333,0.0,0.2272727272727273,0.0,0.75,0.6000000000000001,0.4444444444444445,0.3676470588235294,0.03278688524590164,1.0,0.0,0.2,0.1,0.6666666666666666,0.8006077513222262,0.3333333333333334,1.0,0.3333333333333334,0.6666666666666667,0.0,0.0,0.0,0.0,0.0,1.0,1.0,1.0,1.0,0.5516713087894234,0.0,0.48919972305718407,0.0,0.3333333333333333,0.0,0.375,0.3333333333333333,0.3333333333333334,0.41666666666666674,1.0,0.3333333333333333,0.75,0.4672897196261683,0.5,0.25,0.24478239463600868,0.5,0.5,1.0,0.7579734370770844,0.0,0.0,0.0,0.0,0.0,0.6666666666666666,0.75
1.0,0.75,0.3305343547671877,0.33646965355980374,0.3333333333333333,0.0,0.25,0.2272727272727273,0.4,0.75,1.0,0.5555555555555556,0.23529411764705882,0.5409836065573771,1.0,0.0,0.6000000000000001,0.7000000000000001,0.6666666666666666,0.8336522181325903,0.3333333333333334,0.5,0.3333333333333334,0.6666666666666667,0.0,0.6,0.5165969141167639,0.2706038812746331,0.19819532225006845,1.0,0.5,1.0,1.0,0.300142122570194,0.9207454582639902,0.5112108093082015,0.0,0.3333333333333333,0.5,0.375,0.3333333333333333,0.3333333333333334,0.3333333333333334,1.0,0.0,0.75,0.2990654205607477,1.0,0.5,0.3857783697823982,0.5,0.5,1.0,0.8561755684787321,0.0,0.0,0.0,0.0,0.0,0.6666666666666666,0.75
0.0,0.25,0.258477511370835,0.34971553412443135,0.0,0.3333333333333333,0.0,0.18181818181818182,0.4,0.75,0.6000000000000001,0.5555555555555556,0.6029411764705882,0.13114754098360656,0.0,0.0,1.0,1.0,0.3333333333333333,0.0,0.3333333333333334,0.25,0.3333333333333334,0.6666666666666667,0.0,0.0,0.0,0.5459581544088083,0.18389934506984504,1.0,0.75,1.0,1.0,0.3124044782609813,0.0,0.26987766789050927,0.0,0.3333333333333333,0.0,0.25,0.3333333333333333,0.3333333333333334,0.25,1.0,0.0,0.25,0.04672897196261683,0.0,0.5,0.416944024679468,0.5,0.5,1.0,0.7462072048705566,0.0,0.0,0.0,0.0,0.0,0.6666666666666666,0.75
1.0,0.75,0.5106194858294482,0.4722932107675415,0.0,0.3333333333333333,0.25,1.0,0.4,0.75,1.0,0.7777777777777777,0.11029411764705882,0.2459016393442623,1.0,0.0,0.6000000000000001,0.5,0.6666666666666666,0.8918423394214124,0.6666666666666667,0.5,0.6666666666666667,0.6666666666666667,0.0,0.0,0.0,0.7791396479181518,0.3152400871689498,1.0,1.0,1.0,1.0,0.5405577835289732,0.9577683562075845,0.6982622623095973,0.0,0.6666666666666666,0.5,0.5,0.3333333333333333,0.6666666666666667,0.5833333333333335,1.0,0.3333333333333333,0.75,0.14018691588785048,0.0,0.5,0.4014311012994638,0.5,0.5,1.0,0.7697239530711995,0.6929692193385532,0.0,0.0,0.0,0.0,0.6666666666666666,0.75
0.41666666666666663,0.75,0.3741179555118947,0.4471455026837545,0.3333333333333333,0.3333333333333333,0.0,0.4090909090909091,0.4,0.75,0.2,0.4444444444444445,0.11764705882352941,0.2459016393442623,0.0,0.0,1.0,1.0,0.3333333333333333,0.0,0.3333333333333334,0.75,0.6666666666666667,0.6666666666666667,0.0,1.0,0.566884341385146,0.16979124942433557,0.22043585861958265,1.0,1.0,1.0,1.0,0.3518534063377888,0.8979807558095857,0.49496127771945586,0.3333333333333333,0.3333333333333333,0.5,0.125,0.3333333333333333,0.3333333333333334,0.25,1.0,0.0,0.75,0.14953271028037385,0.0,0.5,0.41413354340807923,0.5,0.5,1.0,0.614533235901719,0.5354210018845579,0.0,0.0,0.0,1.0,0.6666666666666666,0.75
0.0,0.25,0.20459175134933955,0.35514687898052144,0.0,0.3333333333333333,0.0,0.0,0.4,0.75,0.6000000000000001,0.3333333333333333,0.5147058823529411,0.9344262295081968,0.0,0.0,0.2,0.1,0.3333333333333333,0.0,0.3333333333333334,0.25,0.3333333333333334,0.6666666666666667,0.0,0.7999999999999998,0.42592068800437816,0.5638104619241112,0.2516219438843193,1.0,1.0,0.0,1.0,0.4210356594017995,0.0,0.3680151745931135,0.0,0.3333333333333333,0.0,0.25,0.3333333333333333,0.3333333333333334,0.3333333333333334,1.0,0.0,0.25,0.6542056074766356,0.0,0.25,0.302822503730852,0.5,0.5,1.0,0.0,0.5248174665853365,0.0,0.0,0.0,0.0,0.6666666666666666,0.0
1.0,0.75,0.28352338779411373,0.3849728324913335,0.0,0.3333333333333333,0.0,0.5909090909090909,0.8,0.75,1.0,0.5555555555555556,0.014705882352941176,0.01639344262295082,0.0,0.0,1.0,1.0,0.3333333333333333,0.0,0.6666666666666667,1.0,0.6666666666666667,0.6666666666666667,0.0,0.0,0.0,0.6106162916427958,0.21775170372072986,1.0,1.0,1.0,1.0,0.3454013630784603,0.917373184273114,0.5253227280668926,0.0,0.6666666666666666,0.5,0.375,0.3333333333333333,0.6666666666666667,0.5000000000000001,1.0,0.3333333333333333,0.75,0.01869158878504673,1.0,0.5,0.3518302761481695,0.5,0.5,1.0,0.0,0.6723293845092958,0.0,0.0,0.0,0.0,1.0,1.0
0.5833333333333333,0.25,0.258477511370835,0.30896440495053534,0.0,0.3333333333333333,0.0,0.0,0.4,0.75,1.0,0.5555555555555556,0.6838235294117647,0.03278688524590164,0.0,0.0,0.2,0.1,0.3333333333333333,0.0,0.3333333333333334,1.0,0.3333333333333334,0.6666666666666667,0.0,0.0,0.0,0.5712791214717626,0.1969108644654801,1.0,0.5,1.0,1.0,0.34035913587000116,0.9005375153645844,0.493138149209956,0.0,0.3333333333333333,0.5,0.375,0.3333333333333333,0.6666666666666667,0.41666666666666674,1.0,0.0,0.75,0.26629753376752857,0.0,0.0,0.0,0.5,0.5,1.0,0.7785549206277664,0.0,1.0,0.0,0.0,0.0,0.6666666666666666,0.75
0.0,0.75,0.14423955116505177,0.2192724014365599,0.0,0.3333333333333333,0.0,0.7272727272727273,0.4,0.75,0.6000000000000001,0.4444444444444445,0.6911764705882353,0.09836065573770493,0.0,0.0,0.30000000000000004,0.2,0.3333333333333333,0.0,0.3333333333333334,1.0,0.3333333333333334,0.6666666666666667,0.0,0.19999999999999996,0.45998013780779334,0.1848848123628675,0.1417326926996076,1.0,0.5,0.0,1.0,0.2978678623131875,0.0,0.25692031274371807,0.0,0.3333333333333333,0.0,0.25,0.3333333333333333,0.6666666666666667,0.16666666666666669,1.0,0.3333333333333333,0.25,0.15887850467289721,0.0,0.25,0.32158709127951257,0.75,0.5,0.5,0.0,0.0,1.0,0.0,0.0,0.0,0.6666666666666666,0.75
0.75,0.75,0.26357828016854606,0.3363013291521859,0.0,0.3333333333333333,0.0,0.2727272727272727,0.2,0.75,0.6000000000000001,0.3333333333333333,0.3382352941176471,0.7704918032786886,0.0,0.0,1.0,1.0,0.0,0.8607912698145744,0.3333333333333334,0.5,0.3333333333333334,0.6666666666666667,0.3333333333333333,0.39999999999999997,0.6026423479332799,0.2430564391681686,0.2668074847617576,1.0,0.75,1.0,1.0,0.45137988267399165,0.0,0.3958494755980606,0.3333333333333333,0.3333333333333333,0.0,0.375,0.3333333333333333,0.3333333333333334,0.25,1.0,0.0,0.75,0.42990654205607487,0.0,0.25,0.2519031573392728,0.5,0.5,1.0,0.6790272791293452,0.0,1.0,0.0,0.0,0.0,0.6666666666666666,0.75
1.0,0.75,0.3077383407727195,0.45640929511323747,0.3333333333333333,0.3333333333333333,1.0,0.5454545454545454,0.4,0.75,1.0,0.5555555555555556,0.25735294117647056,0.5901639344262296,0.0,0.0,0.6000000000000001,0.5,0.6666666666666666,0.8826521212228595,0.3333333333333334,0.5,0.3333333333333334,0.6666666666666667,0.0,0.39999999999999997,0.4787868490869656,0.44260666077704774,0.22638292978107355,1.0,0.75,1.0,1.0,0.47587451025276883,0.9389893969543416,0.6298153832764943,0.0,0.6666666666666666,0.5,0.5,0.3333333333333333,0.3333333333333334,0.5000000000000001,1.0,0.3333333333333333,0.75,0.3271028037383178,0.5,0.5,0.424650434741148,0.5,0.5,1.0,0.0,0.6585578357315895,0.0,0.0,0.0,0.0,0.6666666666666666,0.75
0.16666666666666666,0.25,0.28352338779411373,0.3328308661306063,0.0,0.3333333333333333,0.0,0.18181818181818182,0.0,0.0,0.2,0.4444444444444445,0.4926470588235294,0.9344262295081968,0.0,0.0,0.4,0.30000000000000004,0.3333333333333333,0.0,0.3333333333333334,0.5,0.6666666666666667,0.6666666666666667,0.3333333333333333,0.39999999999999997,0.508332928123084,0.36985433065742523,0.21981745659298868,1.0,0.5,1.0,1.0,0.35037461219792637,0.84520061504614,0.42515581042002726,0.3333333333333333,0.3333333333333333,0.0,0.375,0.3333333333333333,0.3333333333333334,0.25,1.0,0.3333333333333333,0.25,0.6261682242990655,0.0,0.5,0.3641932062340125,0.5,0.5,1.0,0.0,0.0,0.0,1.0,0.0,0.0,0.6666666666666666,0.75
0.3333333333333333,1.0,0.11086089859873244,0.19379394700433195,0.0,0.3333333333333333,0.75,0.8181818181818182,0.4,1.0,1.0,0.6666666666666665,0.051470588235294115,0.13114754098360656,1.0,0.0,0.4,0.30000000000000004,0.6666666666666666,0.8711690280619176,0.6666666666666667,1.0,0.6666666666666667,0.6666666666666667,0.0,1.0,0.4903594906615966,0.3391595549174089,0.19840911564992658,1.0,1.0,1.0,1.0,0.3085471550537421,0.9220791862004748,0.5176060730356151,0.3333333333333333,0.6666666666666666,0.5,0.375,0.3333333333333333,0.6666666666666667,0.3333333333333334,1.0,0.0,0.25,0.06542056074766356,0.0,0.5,0.4323246517757328,0.5,0.5,1.0,0.0,0.5547377987151813,0.0,0.0,0.0,0.0,0.6666666666666666,0.75
0.3333333333333333,0.75,0.026576337632206237,0.10460999152630523,0.0,0.3333333333333333,0.25,0.5,0.4,1.0,1.0,0.5555555555555556,0.22794117647058823,0.5245901639344263,0.0,0.0,0.7000000000000001,0.6000000000000001,0.3333333333333333,0.0,0.3333333333333334,0.5,0.6666666666666667,0.6666666666666667,0.0,0.7999999999999998,0.5225790003428631,0.34412152890925474,0.22208197655248527,1.0,0.5,1.0,1.0,0.35576765650108727,0.9226780563797936,0.5402719817878192,0.3333333333333333,0.6666666666666666,0.5,0.375,0.3333333333333333,0.6666666666666667,0.41666666666666674,1.0,0.3333333333333333,0.25,0.28971962616822433,0.0,0.5,0.3857783697823982,0.5,0.5,1.0,0.6397576101454095,0.0,0.0,0.0,0.0,0.0,0.6666666666666666,0.75
0.75,0.75,0.44577330400403364,0.4380831718250602,0.0,0.3333333333333333,0.0,0.9545454545454546,0.4,0.75,0.6000000000000001,1.0,0.044117647058823525,0.11475409836065574,1.0,0.0,1.0,1.0,0.6666666666666666,0.9700794205083617,1.0,1.0,1.0,0.6666666666666667,1.0,1.0,0.24485666563082634,1.0402575422663127,0.4990760379497038,1.0,1.0,1.0,1.0,0.764525491106225,0.0,0.694570711082831,0.0,0.6666666666666666,0.0,0.375,0.3333333333333333,1.0,0.5000000000000001,1.0,0.3333333333333333,0.75,0.05607476635514019,1.0,0.75,0.7331113271000479,0.5,0.5,1.0,0.8542059421327811,0.732378793193479,0.0,0.0,0.0,0.0,0.6666666666666666,0.75
0.75,0.75,0.3305343547671877,0.3253452623324713,0.0,0.3333333333333333,0.25,0.2727272727272727,0.2,0.75,0.6000000000000001,0.4444444444444445,0.34558823529411764,0.7868852459016394,0.0,0.0,0.6000000000000001,0.5,0.3333333333333333,0.0,0.3333333333333334,0.5,0.3333333333333334,0.6666666666666667,0.0,0.7999999999999998,0.5868367064820303,0.32078852334860813,0.26892450363969406,1.0,0.25,1.0,1.0,0.4554586273333412,0.0,0.3996051608263054,0.3333333333333333,0.3333333333333333,0.5,0.375,0.3333333333333333,0.3333333333333334,0.25,1.0,0.0,0.75,0.43925233644859824,1.0,0.25,0.2883807432629792,0.5,0.5,1.0,0.0,0.0,1.0,0.0,0.0,0.0,0.6666666666666666,0.75
1.0,0.75,0.43435481492301203,0.43116001707658835,0.0,0.3333333333333333,0.25,0.36363636363636365,0.4,0.75,1.0,0.5555555555555556,0.3014705882352941,0.6885245901639345,0.0,0.0,1.0,1.0,0.6666666666666666,0.9413433956197137,0.3333333333333334,0.5,0.6666666666666667,0.6666666666666667,0.0,0.39999999999999997,0.4896977227998706,0.46317957084522493,0.2407191466823873,1.0,0.5,1.0,1.0,0.5042849800989824,0.9449463938121061,0.6553908947882894,0.0,0.6666666666666666,0.5,0.5,0.3333333333333333,0.6666666666666667,0.5000000000000001,1.0,0.3333333333333333,0.75,0.38317757009345804,1.0,0.25,0.4344121427410911,0.5,0.5,1.0,0.0,0.6723293845092958,0.0,1.0,0.0,0.0,0.6666666666666666,0.75
1.0,1.0,0.3305343547671877,0.36022002866398806,0.0,0.3333333333333333,0.0,0.8181818181818182,0.4,0.75,1.0,0.7777777777777777,0.007352941176470588,0.03278688524590164,0.0,0.0,1.0,1.0,0.3333333333333333,0.0,0.6666666666666667,1.0,0.6666666666666667,0.6666666666666667,0.6666666666666667,0.0,0.0,0.7175167496074744,0.2780953189800246,1.0,1.0,1.0,1.0,0.4727281007957649,0.9365310106387678,0.6237132559285445,0.0,0.6666666666666666,0.5,0.375,0.3333333333333333,0.6666666666666667,0.5000000000000001,1.0,0.3333333333333333,0.75,0.009345794392523366,0.5,0.75,0.7680383275218744,0.5,0.5,1.0,0.8323994958019104,0.6017743632045007,0.0,0.0,0.0,0.0,0.6666666666666666,0.75
0.75,0.75,0.27364016292439725,0.3253452623324713,0.0,0.3333333333333333,0.0,0.4545454545454546,0.4,0.75,0.6000000000000001,0.6666666666666665,0.029411764705882353,0.06557377049180328,0.0,0.0,1.0,1.0,0.6666666666666666,0.8196918507933675,0.3333333333333334,1.0,0.6666666666666667,0.6666666666666667,0.0,1.0,0.554736951227515,0.437713790576297,0.27657427804364404,1.0,1.0,1.0,1.0,0.46990762790805296,0.0,0.4129372039430601,0.3333333333333333,0.3333333333333333,0.0,0.375,0.3333333333333333,0.6666666666666667,0.3333333333333334,1.0,0.0,0.75,0.27564332816005194,0.0,0.0,0.0,0.5,0.5,1.0,0.0,0.0,0.0,0.0,0.0,0.0,0.6666666666666666,0.75
0.3333333333333333,1.0,0.10387165185318753,0.18713309413794454,0.0,0.3333333333333333,0.25,0.8181818181818182,0.4,1.0,1.0,0.6666666666666665,0.007352941176470588,0.03278688524590164,0.0,0.0,1.0,1.0,0.3333333333333333,0.0,0.6666666666666667,1.0,0.6666666666666667,0.6666666666666667,0.0,0.0,0.0,0.5733352824011025,0.19798144826851205,1.0,1.0,1.0,1.0,0.3029652647820512,0.9158271437245594,0.5026706509184069,0.0,0.6666666666666666,0.0,0.25,0.3333333333333333,0.6666666666666667,0.25,1.0,0.0,0.25,0.009345794392523366,0.0,0.5,0.4558501032961353,0.5,0.5,1.0,0.0,0.7277472210579711,0.0,0.0,0.0,0.0,0.6666666666666666,0.0
0.75,0.75,0.3077383407727195,0.379402111445758,0.3333333333333333,0.3333333333333333,0.0,0.2727272727272727,0.4,0.75,0.6000000000000001,0.4444444444444445,0.3382352941176471,0.7704918032786886,1.0,0.0,0.2,0.1,0.6666666666666666,0.7451839367129771,0.3333333333333334,0.5,0.3333333333333334,0.6666666666666667,0.0,0.39999999999999997,0.5874577998985836,0.2759552320474406,0.25886418756855895,1.0,0.5,1.0,1.0,0.4357517862660954,0.0,0.38149067641267687,0.3333333333333333,0.3333333333333333,0.0,0.375,0.3333333333333333,0.3333333333333334,0.25,1.0,0.0,0.25,0.41121495327102814,0.0,0.5,0.4777377545194225,0.5,0.5,1.0,0.0,0.0,0.0,0.0,0.0,0.0,0.6666666666666666,0.75
1.0,0.75,0.3077383407727195,0.3785295422421011,0.0,0.3333333333333333,0.0,0.5454545454545454,0.2,0.75,1.0,0.6666666666666665,0.29411764705882354,0.6721311475409837,0.0,0.0,0.4,0.30000000000000004,0.6666666666666666,0.905639392072703,0.3333333333333334,0.5,0.3333333333333334,0.6666666666666667,0.0,0.6,0.5214531298682636,0.36591655110515514,0.2278102288237059,1.0,0.75,1.0,1.0,0.4762223910666592,0.937425080026553,0.6271361244343416,0.0,0.6666666666666666,0.5,0.5,0.3333333333333333,0.3333333333333334,0.5833333333333335,1.0,0.3333333333333333,0.75,0.3738317757009346,0.5,0.5,0.418347623313751,0.5,0.5,1.0,0.0,0.5912364549471865,0.0,0.0,0.0,0.0,0.6666666666666666,0.75
0.75,0.75,0.3439377595168705,0.385480130730693,0.3333333333333333,0.3333333333333333,0.0,0.6363636363636364,0.4,0.75,0.6000000000000001,0.6666666666666665,0.051470588235294115,0.13114754098360656,0.0,0.0,1.0,1.0,0.6666666666666666,0.8567897606087029,0.6666666666666667,1.0,0.6666666666666667,0.6666666666666667,0.6666666666666667,0.7999999999999998,0.647935437559271,0.45169618259871447,0.36826720476251096,1.0,1.0,1.0,1.0,0.6150619749461426,0.0,0.5493064519596143,0.0,0.6666666666666666,0.0,0.375,0.3333333333333333,0.6666666666666667,0.3333333333333334,1.0,0.0,0.75,0.06542056074766356,0.5,0.5,0.4084992924401211,0.5,0.5,1.0,0.7977450441434419,0.5302065845133244,0.0,0.0,0.0,0.0,0.6666666666666666,0.75
0.75,1.0,0.3077383407727195,0.2245859294576198,1.0,0.3333333333333333,0.0,0.8181818181818182,0.4,0.75,0.6000000000000001,0.6666666666666665,0.007352941176470588,0.03278688524590164,0.0,0.0,0.4,0.30000000000000004,1.0,0.9221701425010703,1.0,1.0,1.0,0.6666666666666667,0.6666666666666667,1.0,0.5286621918912774,0.6509964484807077,0.3477508381172607,1.0,1.0,1.0,1.0,0.5883674169975734,0.0,0.5238885314182413,0.3333333333333333,0.6666666666666666,0.5,0.25,0.3333333333333333,0.6666666666666667,0.41666666666666674,1.0,0.3333333333333333,0.75,0.009345794392523366,1.0,0.5,0.416944024679468,0.5,0.5,1.0,0.0,0.7830208703247395,0.0,0.0,0.0,0.0,1.0,1.0
0.75,0.75,0.46070807663113017,0.4517096038269335,0.0,0.3333333333333333,0.0,0.9545454545454546,0.4,0.75,0.6000000000000001,0.8888888888888888,0.007352941176470588,0.01639344262295082,0.0,0.0,0.9,0.9,0.6666666666666666,0.8996061193965194,1.0,1.0,1.0,0.6666666666666667,1.0,0.0,0.0,0.9927770110362095,0.45649195025337724,1.0,1.0,1.0,1.0,0.7211573422206935,0.0,0.651895354627595,0.0,0.6666666666666666,0.5,0.375,0.3333333333333333,1.0,0.5000000000000001,1.0,0.3333333333333333,0.75,0.0,1.0,0.75,0.5839969657491942,0.5,0.5,1.0,0.7666305984706107,0.7213599358715796,0.0,1.0,0.0,0.0,1.0,1.0
0.75,1.0,0.258477511370835,0.317563684480187,0.0,0.3333333333333333,0.0,0.8181818181818182,0.4,0.75,0.6000000000000001,0.6666666666666665,0.0,0.01639344262295082,0.0,0.0,1.0,1.0,0.3333333333333333,0.0,0.6666666666666667,1.0,0.6666666666666667,1.0,0.0,0.0,0.0,0.7806129080419318,0.31614857211051844,1.0,1.0,1.0,1.0,0.5405577835289732,0.0,0.4787511255428831,0.3333333333333333,0.6666666666666666,0.0,0.25,0.3333333333333333,0.6666666666666667,0.25,1.0,0.3333333333333333,0.75,0.0,0.5,0.5,0.4777377545194225,0.5,0.5,1.0,0.8371023155760778,0.755080120700829,0.0,0.0,0.0,0.0,1.0,1.0
0.9166666666666666,1.0,0.11086089859873244,0.2190094350564833,0.3333333333333333,0.3333333333333333,0.0,0.8181818181818182,0.4,1.0,0.6000000000000001,0.6666666666666665,0.007352941176470588,0.01639344262295082,0.0,0.0,1.0,1.0,0.3333333333333333,0.8060079175515092,0.6666666666666667,1.0,0.6666666666666667,0.6666666666666667,0.0,1.0,0.6388564336416599,0.2519322346513403,0.30665482431301144,1.0,1.0,1.0,1.0,0.5227381832279903,0.0,0.4620524715480765,0.3333333333333333,0.3333333333333333,0.5,0.125,0.3333333333333333,0.6666666666666667,0.16666666666666669,1.0,0.0,0.75,0.0,1.0,0.5,0.47569577873489965,0.5,0.5,1.0,0.0,0.7483187190309702,0.0,0.0,0.0,0.0,1.0,1.0
0.75,0.75,0.44953743373117555,0.40506845414107073,0.0,0.3333333333333333,0.0,0.5454545454545454,0.4,0.75,0.6000000000000001,0.5555555555555556,0.23529411764705882,0.5409836065573771,0.0,0.0,0.7000000000000001,0.7000000000000001,0.6666666666666666,0.8453616637260991,0.3333333333333334,0.5,0.6666666666666667,0.6666666666666667,0.0,0.7999999999999998,0.545901182605348,0.5124245816479513,0.2977990918093286,1.0,0.5,1.0,1.0,0.5995389519241783,0.0,0.5345068545017893,0.0,0.6666666666666666,0.0,0.375,0.3333333333333333,0.3333333333333334,0.41666666666666674,1.0,0.3333333333333333,0.75,0.2990654205607477,1.0,0.5,0.412726649958747,0.5,0.5,1.0,0.0,0.0,0.0,1.0,0.0,0.0,0.0,0.0
0.25,0.25,0.3439377595168705,0.3138241328380704,0.0,0.3333333333333333,0.0,0.4090909090909091,0.4,0.5,0.0,0.6666666666666665,0.08088235294117647,0.18032786885245902,0.0,0.0,1.0,1.0,0.6666666666666666,0.8641596830234385,0.3333333333333334,1.0,0.6666666666666667,1.0,1.0,1.0,0.670259187558807,0.12181426415333312,0.3253636939835803,1.0,1.0,1.0,1.0,0.5527913744760189,0.0,0.4902542372321572,0.6666666666666666,0.6666666666666666,0.0,0.25,0.6666666666666666,0.3333333333333334,0.5000000000000001,1.0,0.0,0.75,0.10280373831775703,1.0,1.0,0.6175470643238018,0.5,0.5,1.0,0.0,0.0,0.0,0.0,0.0,0.0,0.6666666666666666,0.25
0.75,0.75,0.3259993209076832,0.3505230228725684,0.0,0.3333333333333333,0.0,0.6363636363636364,0.4,0.75,0.6000000000000001,0.6666666666666665,0.007352941176470588,0.03278688524590164,0.0,0.0,1.0,1.0,0.3333333333333333,0.0,0.6666666666666667,1.0,0.6666666666666667,0.6666666666666667,0.6666666666666667,0.0,0.0,0.7648397771417527,0.30647124959393907,1.0,1.0,1.0,1.0,0.5224333666345047,0.0,0.46176741412177913,0.0,0.6666666666666666,0.0,0.25,0.3333333333333333,0.6666666666666667,0.25,1.0,0.0,0.75,0.009345794392523366,0.5,0.75,0.6443391680655122,0.5,0.5,1.0,0.7822808829619589,0.7130071829801433,0.0,0.0,0.0,0.0,0.6666666666666666,0.75
0.25,0.75,0.27860356404213366,0.3126882472600734,0.0,0.3333333333333333,0.0,0.4545454545454546,0.2,0.5,1.0,0.4444444444444445,0.22058823529411764,0.5081967213114754,0.0,0.0,0.7000000000000001,0.7000000000000001,0.3333333333333333,0.0,0.3333333333333334,0.0,0.3333333333333334,0.6666666666666667,0.0,0.0,0.0,0.0,0.0,1.0,0.5,1.0,1.0,0.48379045680337707,0.958070066638209,0.6712655407599888,0.0,0.6666666666666666,0.0,0.75,0.6666666666666666,0.3333333333333334,0.8333333333333336,1.0,0.0,0.25,0.28037383177570097,0.0,0.5,0.447579783240505,0.5,0.5,1.0,0.7944777382198616,0.0,0.0,0.0,0.0,0.0,0.6666666666666666,0.25
0.75,0.75,0.3077383407727195,0.42426708931960877,0.3333333333333333,0.3333333333333333,0.25,0.5454545454545454,0.4,0.75,0.6000000000000001,0.5555555555555556,0.19117647058823528,0.4426229508196722,0.0,0.0,0.4,0.30000000000000004,0.6666666666666666,0.898419017211382,0.6666666666666667,0.5,0.6666666666666667,0.6666666666666667,0.0,0.6,0.5542556481076071,0.6025019723637265,0.34246744086062814,1.0,1.0,1.0,1.0,0.5786439814608368,0.0,0.5146686753268614,0.0,0.6666666666666666,0.0,0.375,0.3333333333333333,0.6666666666666667,0.41666666666666674,1.0,0.3333333333333333,0.75,0.2429906542056075,1.0,0.5,0.4049687601482897,0.5,0.5,1.0,0.0,0.0,1.0,0.0,0.0,0.0,0.6666666666666666,0.75
0.75,0.75,0.31218246909645037,0.3676042881289727,0.0,0.3333333333333333,0.0,0.36363636363636365,0.4,0.75,0.6000000000000001,0.3333333333333333,0.2647058823529412,0.6065573770491803,0.0,0.0,0.4,0.30000000000000004,0.3333333333333333,0.0,0.3333333333333334,0.5,0.3333333333333334,0.6666666666666667,0.0,0.0,0.0,0.6408844870304492,0.23429578418292307,1.0,0.75,1.0,1.0,0.3838491176988364,0.0,0.3341579351309818,0.0,0.3333333333333333,0.0,0.375,0.3333333333333333,0.3333333333333334,0.25,1.0,0.0,0.75,0.31775700934579443,0.0,0.25,0.26678692452636155,0.5,0.5,1.0,0.0,0.0,0.0,0.0,0.0,0.0,0.3333333333333333,0.0
0.75,0.75,0.3439377595168705,0.38313955770734176,0.0,0.3333333333333333,0.0,0.5454545454545454,0.8,0.75,0.6000000000000001,0.6666666666666665,0.08088235294117647,0.18032786885245902,1.0,0.0,1.0,1.0,0.3333333333333333,0.0,0.6666666666666667,1.0,1.0,0.6666666666666667,0.0,0.19999999999999996,0.3414708976103127,0.42606634305254426,0.37888708136115673,1.0,1.0,1.0,1.0,0.635898875198723,0.0,0.5692556384862177,0.3333333333333333,0.6666666666666666,0.0,0.375,0.3333333333333333,0.6666666666666667,0.41666666666666674,0.0,0.3333333333333333,0.75,0.10280373831775703,1.0,0.5,0.485207838274209,0.5,0.5,1.0,0.7056314084669689,0.6745153034050513,0.0,0.0,0.0,0.0,0.6666666666666666,0.75
0.41666666666666663,0.75,0.258477511370835,0.3785295422421011,0.0,0.3333333333333333,0.0,0.3181818181818182,0.4,0.75,0.2,0.5555555555555556,0.5073529411764706,0.9836065573770493,0.0,0.0,1.0,1.0,0.3333333333333333,0.0,0.3333333333333334,0.25,0.3333333333333334,0.6666666666666667,0.0,0.0,0.0,0.6086948379942783,0.2167162569063717,1.0,0.5,1.0,1.0,0.4181821020453412,0.8944987479432065,0.526513496781531,0.0,0.6666666666666666,0.0,0.375,0.3333333333333333,0.3333333333333334,0.41666666666666674,1.0,0.3333333333333333,0.25,0.6448598130841122,0.0,0.25,0.23521304590393763,0.5,0.5,1.0,0.8908313434607765,0.0,0.0,0.0,0.0,0.0,0.6666666666666666,0.75
0.75,0.75,0.28352338779411373,0.3481359076351431,0.0,0.3333333333333333,0.0,0.4545454545454546,0.4,0.75,0.6000000000000001,0.6666666666666665,0.051470588235294115,0.11475409836065574,0.0,0.0,1.0,1.0,0.6666666666666666,0.8098704841797623,0.3333333333333334,1.0,0.6666666666666667,0.6666666666666667,0.0,0.0,0.0,0.7969120128019002,0.32626219267472206,1.0,1.0,1.0,1.0,0.5541864088255133,0.0,0.4915680028665874,0.0,0.6666666666666666,0.0,0.375,0.3333333333333333,0.3333333333333334,0.3333333333333334,1.0,0.0,0.75,0.06542056074766356,0.0,0.5,0.45516224232895197,0.5,0.5,1.0,0.7623792013296005,0.6298055287178117,0.0,0.0,0.0,0.0,0.6666666666666666,0.75
0.75,0.25,0.20459175134933955,0.2829289504068129,0.0,0.3333333333333333,0.25,0.18181818181818182,0.4,0.75,0.6000000000000001,0.3333333333333333,0.39705882352941174,0.14754098360655737,0.0,0.0,0.4,0.30000000000000004,0.3333333333333333,0.0,0.3333333333333334,0.5,0.3333333333333334,0.6666666666666667,0.0,0.0,0.0,0.6542110256936003,0.24171736294914417,1.0,1.0,1.0,1.0,0.4001365576327259,0.0,0.3489530642429268,0.0,0.3333333333333333,0.0,0.25,0.3333333333333333,0.3333333333333334,0.16666666666666669,1.0,0.0,0.25,0.5046728971962617,0.0,0.25,0.2675649155058468,0.25,0.5,1.0,0.0,0.0,0.0,0.0,0.0,0.0,0.6666666666666666,0.75
1.0,0.75,0.28352338779411373,0.31631618103063963,0.0,0.3333333333333333,0.0,0.4545454545454546,0.4,0.75,1.0,0.5555555555555556,0.10294117647058823,0.2459016393442623,0.0,0.0,1.0,1.0,0.3333333333333333,0.0,0.6666666666666667,1.0,0.6666666666666667,0.6666666666666667,0.0,0.7999999999999998,0.4683259929468969,0.4232433085734451,0.2131826969729608,1.0,1.0,1.0,1.0,0.3586758770635428,0.9283176028455999,0.5526361865567617,0.0,0.6666666666666666,0.5,0.375,0.3333333333333333,0.6666666666666667,0.41666666666666674,1.0,0.0,0.75,0.13084112149532712,0.5,0.5,0.416944024679468,0.5,0.5,1.0,0.0,0.7590066978295763,0.0,0.0,0.0,0.0,0.6666666666666666,0.75
0.75,0.75,0.3527119393962403,0.4455544859550362,0.0,0.3333333333333333,0.0,0.7272727272727273,0.4,0.75,0.6000000000000001,0.5555555555555556,0.4338235294117647,0.09836065573770493,0.0,0.0,0.6000000000000001,0.5,0.3333333333333333,0.0,0.3333333333333334,0.5,0.3333333333333334,0.6666666666666667,0.0,0.0,0.0,0.7188053228092387,0.2788547476815506,1.0,1.0,1.0,1.0,0.49451693664115814,0.0,0.4357434254986736,0.0,0.3333333333333333,0.0,0.375,0.3333333333333333,0.6666666666666667,0.3333333333333334,1.0,0.3333333333333333,0.75,0.5514018691588786,0.0,0.25,0.28225025557810124,0.5,0.5,1.0,0.0,0.5635918696880929,0.0,0.0,0.0,0.0,0.6666666666666666,0.5
0.08333333333333333,0.25,0.11086089859873244,0.19077174497963534,0.0,0.3333333333333333,0.0,0.2272727272727273,0.4,1.0,0.8,0.4444444444444445,0.007352941176470588,0.03278688524590164,0.0,0.0,1.0,1.0,0.6666666666666666,0.7806108821533958,0.3333333333333334,1.0,0.6666666666666667,0.6666666666666667,1.0,1.0,0.5200369247414126,0.0,0.16671186142499497,1.0,0.75,1.0,1.0,0.46706452404769316,0.0,0.41031048651561486,0.3333333333333333,0.3333333333333333,0.0,0.25,0.3333333333333333,0.3333333333333334,0.25,1.0,0.0,0.5,0.009345794392523366,1.0,0.5,0.4455066956547114,0.5,0.5,1.0,0.0,0.5248174665853365,0.0,0.0,0.0,0.0,0.6666666666666666,0.75
0.75,0.75,0.3077383407727195,0.5248964260016002,0.0,0.0,0.25,0.7272727272727273,0.4,0.75,0.6000000000000001,0.5555555555555556,0.39705882352941174,0.9016393442622952,1.0,0.0,0.2,0.1,0.6666666666666666,0.857246168238705,0.3333333333333334,0.5,0.6666666666666667,0.6666666666666667,0.3333333333333333,0.7999999999999998,0.20436777223420535,0.6556342820788391,0.40566052609364767,1.0,0.5,1.0,1.0,0.7439438609106236,0.0,0.674263234597325,0.3333333333333333,0.6666666666666666,0.0,0.375,0.3333333333333333,0.6666666666666667,0.41666666666666674,1.0,0.6666666666666666,0.5,0.5046728971962617,0.0,0.5,0.39291109107471145,0.5,0.5,1.0,0.8040216244343984,0.7537500264210127,1.0,0.0,0.0,0.0,0.0,0.0
0.75,0.75,0.26357828016854606,0.35591074856738714,0.3333333333333333,0.3333333333333333,0.0,0.6363636363636364,0.4,0.75,0.6000000000000001,0.4444444444444445,0.23529411764705882,0.03278688524590164,0.0,0.0,0.6000000000000001,0.5,0.3333333333333333,0.0,0.3333333333333334,0.5,0.6666666666666667,0.6666666666666667,0.3333333333333333,0.19999999999999996,0.5157276417399758,0.41753690765259066,0.26892450363969406,1.0,0.5,1.0,1.0,0.4554586273333412,0.0,0.3996051608263054,0.0,0.6666666666666666,0.0,0.375,0.3333333333333333,0.6666666666666667,0.25,1.0,0.0,0.25,0.2990654205607477,0.0,0.5,0.416944024679468,0.5,0.5,1.0,0.0,0.0,0.0,1.0,0.0,0.0,0.6666666666666666,0.75
0.25,0.75,0.258477511370835,0.4296620092046226,0.0,0.3333333333333333,0.0,0.2727272727272727,0.2,0.5,0.0,0.3333333333333333,0.2867647058823529,0.6557377049180328,0.0,0.0,0.7000000000000001,0.7000000000000001,0.3333333333333333,0.0,0.3333333333333334,0.5,0.6666666666666667,0.6666666666666667,0.6666666666666667,1.0,0.6535953258414408,0.0,0.2987258324494492,1.0,0.5,1.0,1.0,0.5278798919151322,0.0,0.46686383645924456,0.6666666666666666,0.0,1.0,0.0,0.6666666666666666,0.3333333333333334,0.3333333333333334,1.0,0.0,0.0,0.36448598130841126,0.0,0.5,0.35693284860542207,0.25,0.5,1.0,0.7623792013296005,0.0,0.0,0.0,0.0,0.0,0.6666666666666666,0.25
1.0,0.75,0.3077383407727195,0.32999490889113536,0.3333333333333333,0.3333333333333333,0.0,0.5909090909090909,0.4,0.75,1.0,0.5555555555555556,0.09558823529411764,0.21311475409836064,0.0,0.0,0.6000000000000001,0.5,0.6666666666666666,0.8132865542031075,0.3333333333333334,1.0,0.6666666666666667,0.6666666666666667,0.0,0.7999999999999998,0.5116204121436473,0.29140844608433464,0.19969019201764251,1.0,0.75,1.0,1.0,0.2995748775299768,0.9295297258859802,0.5293552060956879,0.0,0.6666666666666666,0.5,0.375,0.3333333333333333,0.6666666666666667,0.3333333333333334,1.0,0.3333333333333333,0.75,0.12149532710280375,1.0,0.5,0.37142029525697956,0.5,0.5,1.0,0.8210673617139373,0.6512078466054054,0.0,0.0,0.0,0.0,0.6666666666666666,0.75
